,home_team_id,away_team_id,home_player_X1,home_player_X2,home_player_X3,home_player_X4,home_player_X5,home_player_X6,home_player_X7,home_player_X8,home_player_X9,home_player_X10,home_player_X11,away_player_X1,away_player_X2,away_player_X3,away_player_X4,away_player_X5,away_player_X6,away_player_X7,away_player_X8,away_player_X9,away_player_X10,away_player_X11,home_player_Y1,home_player_Y2,home_player_Y3,home_player_Y4,home_player_Y5,home_player_Y6,home_player_Y7,home_player_Y8,home_player_Y9,home_player_Y10,home_player_Y11,away_player_Y1,away_player_Y2,away_player_Y3,away_player_Y4,away_player_Y5,away_player_Y6,away_player_Y7,away_player_Y8,away_player_Y9,away_player_Y10,away_player_Y11,home_player_1,home_player_2,home_player_3,home_player_4,home_player_5,home_player_6,home_player_7,home_player_8,home_player_9,home_player_10,home_player_11,away_player_1,away_player_2,away_player_3,away_player_4,away_player_5,away_player_6,away_player_7,away_player_8,away_player_9,away_player_10,away_player_11,Month,Day
0,9825,8654,1,2,4,6,8,4,6,3,5,7,5,1,2,4,6,8,3,5,7,5,4,6,1,3,3,3,3,6,6,8,8,8,11,1,3,3,3,3,6,6,6,8,10,10,30859,26154.0,35606,46539,38521,159594,37436,75489.0,36378,196386,46469,169756,109897.0,35110,49543,155782,37169,575789,148302,25496,18506,192899,8,9
1,8678,10252,1,2,4,6,8,2,4,6,8,4,6,1,2,4,6,8,3,5,7,3,5,7,1,3,3,3,3,7,7,7,7,10,10,1,3,3,3,3,7,7,7,10,10,10,30974,35515.0,24625,156013,68237,155913,46810,23629.0,24381,185236,184321,69650,183500.0,24208,161414,473853,261313,179410,182223,23991,154280,23264,8,8
2,8455,10003,1,2,4,6,8,4,6,3,5,7,5,1,2,4,6,8,4,6,3,5,7,5,1,3,3,3,3,6,6,8,8,8,11,1,3,3,3,3,6,6,8,8,8,11,170323,31306.0,23783,30627,72541,115067,30613,94086.0,128864,107417,19243,30973,111800.0,155050,24948,102356,127130,144996,95955,157729,52563,26344,8,8
3,8668,9817,1,2,4,6,8,4,6,3,5,7,5,1,2,4,6,8,4,6,3,5,7,5,1,3,3,3,3,6,6,8,8,8,11,1,3,3,3,3,6,6,8,8,8,11,31465,77690.0,263653,23268,316688,23782,101192,26151.0,160713,215384,181276,30455,213809.0,41927,40548,35712,41365,30966,24915,37411,71724,72436,8,8
4,8197,8472,1,3,5,7,2,4,6,8,5,4,6,1,2,4,6,8,3,5,7,3,5,7,1,3,3,3,7,7,7,7,9,11,11,1,3,3,3,3,7,7,7,10,10,10,37770,67850.0,38899,23571,139671,103419,173317,214570.0,278343,20694,286119,103428,22964.0,26108,165526,180330,35443,25150,109058,24159,30348,42598,8,8
5,10260,8586,1,2,4,6,8,4,6,3,5,7,5,1,2,4,6,8,4,6,3,5,7,5,1,3,3,3,3,6,6,8,8,8,11,1,3,3,3,3,6,6,8,8,8,11,109060,46820.0,165823,161012,362694,34944,46893,41468.0,303824,23354,30829,37193,159833.0,160599,37762,276121,500520,361315,41008,157723,110189,194165,8,8
6,10261,8466,1,2,4,6,8,4,6,3,5,7,5,1,2,4,6,8,4,6,3,5,7,5,1,3,3,3,3,6,6,8,8,8,11,1,3,3,3,3,6,6,8,8,8,11,24229,104482.0,30929,277761,240236,109652,160243,94550.0,108038,39968,46700,30841,160627.0,26552,72665,538112,23792,166676,94267,303339,109491,41280,8,9
7,9850,9826,1,2,4,6,8,1,3,5,7,9,5,1,2,4,6,8,2,4,6,8,5,5,1,3,3,3,3,7,7,7,7,7,11,1,3,3,3,3,7,7,7,7,9,11,40602,32616.0,24903,26209,231801,46354,24583,40100.0,35493,32734,37779,119079,146830.0,23837,23030,183519,35345,26160,28901,198510,149917,35523,8,8
8,10194,8650,1,2,4,6,8,4,6,3,5,7,5,1,2,4,6,8,5,4,6,3,7,5,1,3,3,3,3,6,6,8,8,8,11,1,3,3,3,3,8,6,6,8,8,11,288880,34036.0,119541,173382,37194,199291,23253,33881.0,39109,26434,72735,37868,157838.0,114268,22764,568571,184536,156008,38807,280653,37234,148315,8,9
9,8659,8456,1,4,8,6,2,4,8,2,6,4,6,1,2,4,6,8,4,6,3,5,7,5,1,3,3,3,3,7,7,7,7,10,10,1,3,3,3,3,6,6,8,8,8,11,23021,169162.0,23257,33086,163200,25075,175947,24171.0,24148,39225,239807,31432,26111.0,39027,156551,16351,36615,40196,33991,37459,246575,143365,8,10
10,9825,8668,1,2,4,6,8,4,6,3,5,7,5,1,2,4,6,8,4,6,3,5,7,5,1,3,3,3,3,6,6,8,8,8,11,1,3,3,3,3,6,6,8,8,8,11,30859,427438.0,177503,46539,38521,159594,37436,196386.0,36378,50047,46469,31465,77690.0,263653,23268,316688,101192,23782,251925,215384,30895,181276,10,24
11,10252,10003,1,2,4,6,8,4,6,3,5,7,5,1,2,4,6,8,4,6,3,5,7,5,1,3,3,3,3,6,6,8,8,8,11,1,3,3,3,3,6,6,8,8,8,11,69650,32870.0,24208,33086,30352,183500,179410,154280.0,23264,312765,107415,30973,111800.0,155050,24948,102356,144996,127130,95955,157729,52563,26344,10,24
12,8678,8586,1,2,4,6,8,2,8,4,6,5,5,1,8,2,4,6,6,3,7,4,5,5,1,3,3,3,3,7,7,7,7,9,11,1,3,3,3,3,6,8,8,6,8,11,30974,35515.0,156013,24216,68237,155913,24381,23629.0,46810,185236,35523,26295,46353.0,159833,160599,37762,41008,174850,157723,361315,363333,194165,10,25
13,8197,9826,1,2,4,6,8,2,4,6,8,5,5,1,2,4,6,8,4,6,3,5,7,5,1,3,3,3,3,7,7,7,7,9,11,1,3,3,3,3,6,6,8,8,8,11,37770,49571.0,23571,38899,43061,139671,173317,319300.0,214570,278343,286119,36283,23358.0,23837,26777,154271,28901,26160,46417,35345,160194,24157,10,24
14,8650,8466,1,2,4,6,8,4,6,3,5,7,5,1,4,6,2,8,6,3,7,4,5,5,1,3,3,3,3,6,6,8,8,8,11,1,3,3,3,3,6,8,8,6,8,11,37868,157838.0,22764,94043,314605,307021,95327,38807.0,184536,37234,426202,30841,26552.0,209405,160627,46010,166676,209384,94267,23792,303339,41280,10,25
15,10260,8456,1,2,4,6,8,6,5,4,3,7,5,1,2,8,4,6,4,3,6,7,5,5,1,3,3,3,3,6,8,6,8,8,11,1,3,3,3,3,6,8,6,8,8,11,182917,35327.0,186137,165823,161035,30872,164676,46893.0,41468,413557,30829,31432,26111.0,16351,39027,174321,40196,169200,101103,246575,36615,143365,10,25
16,9850,8659,1,2,4,6,8,2,4,6,8,5,5,1,2,4,6,8,2,4,6,8,4,6,1,3,3,3,3,7,7,7,7,9,11,1,3,3,3,3,7,7,7,7,10,10,40602,24903.0,72417,26209,231801,201664,40100,46354.0,23538,35493,38369,23021,169162.0,32441,43248,23257,33468,24148,113968,175947,51545,239807,10,24
17,10194,9817,1,2,4,6,8,4,6,3,5,7,5,1,2,4,6,8,4,6,3,5,7,5,1,3,3,3,3,6,6,8,8,8,11,1,3,3,3,3,6,6,8,8,8,11,288880,34036.0,119541,200962,37194,23253,39109,176300.0,96643,110148,172321,30455,213809.0,40548,114769,417068,22991,41365,24915,72436,25816,101419,10,24
18,8472,10261,1,2,4,6,8,4,6,3,5,7,5,1,2,4,6,8,2,4,6,8,5,5,1,3,3,3,3,6,6,8,8,8,11,1,3,3,3,3,7,7,7,7,9,11,103428,432040.0,24150,26108,22964,25150,109330,24159.0,39139,42598,32627,23979,104482.0,277761,30929,308932,94550,38373,160243,108038,479020,351860,10,25
19,8654,8455,1,2,4,6,8,4,6,3,5,7,5,1,2,4,6,8,4,6,3,5,7,5,1,3,3,3,3,6,6,8,8,8,11,1,3,3,3,3,6,6,8,8,8,11,169756,214685.0,109897,24751,155782,148302,37169,18506.0,210276,25496,192899,46518,281207.0,23783,30627,72541,79574,115067,94086,30613,107417,19243,10,24
20,8455,8650,1,2,4,6,8,4,6,3,5,7,5,1,2,4,6,8,3,5,7,4,6,5,1,3,3,3,3,6,6,8,8,8,11,1,3,3,3,3,6,6,6,8,8,11,46518,281207.0,23783,30627,72541,79574,32345,94086.0,128864,107417,19243,37868,157838.0,22764,94043,314605,38807,95327,307021,37234,184536,242709,10,31
21,9826,10260,1,2,4,6,8,4,6,3,5,7,5,1,2,4,6,8,4,6,3,5,7,5,1,3,3,3,3,6,6,8,8,8,11,1,3,3,3,3,6,6,8,8,8,11,36283,154271.0,23837,23030,146830,26160,28901,198510.0,35345,160194,363340,182917,46820.0,165823,161012,161035,46893,30872,41468,164676,413557,30829,10,31
22,8668,8472,1,2,4,6,8,4,6,3,5,7,5,1,3,5,7,2,4,6,8,5,4,6,1,3,3,3,3,6,6,8,8,8,11,1,3,3,3,7,7,7,7,9,11,11,31465,77690.0,263653,213878,193859,101192,23782,251925.0,215384,30922,181276,103428,165526.0,30362,22964,432040,25150,109330,180330,24159,30348,32627,11,1
23,8456,9850,1,2,4,6,8,2,4,6,8,4,6,1,2,4,6,8,2,4,6,8,5,5,1,3,3,3,3,7,7,7,7,10,10,1,3,3,3,3,7,7,7,7,9,11,31432,26111.0,39027,174321,16351,33991,36615,40196.0,169200,643709,143365,40602,24903.0,72417,26209,25667,231801,40100,71502,23538,46354,31953,10,31
24,10261,10194,1,2,4,6,8,2,4,6,8,4,6,1,2,4,6,8,4,6,3,5,7,5,1,3,3,3,3,7,7,7,7,10,10,1,3,3,3,3,6,6,8,8,8,11,23979,104482.0,277761,30929,308932,94550,38373,109652.0,108038,351860,479020,288880,34036.0,40695,200962,37194,39109,23253,176300,96643,110148,33881,10,31
25,8466,8678,1,2,4,6,8,4,6,3,5,7,5,1,2,4,6,8,1,3,5,7,9,5,1,3,3,3,3,6,6,8,8,8,11,1,3,3,3,3,7,7,7,7,7,11,30841,160627.0,26552,209405,46010,166676,209384,23792.0,303339,94267,41280,38617,160447.0,35515,24216,68237,155913,23629,155129,46810,24381,35523,11,1
26,10003,9825,1,2,4,6,8,4,6,3,5,7,5,1,2,4,6,8,4,6,3,5,7,5,1,3,3,3,3,6,6,8,8,8,11,1,3,3,3,3,6,6,8,8,8,11,30973,111800.0,155050,24948,102356,144996,127130,95955.0,157729,52563,26344,30859,427438.0,35606,46539,38521,159594,37436,242094,36378,50047,46469,10,31
27,8586,10252,1,2,4,6,8,4,6,3,5,7,5,1,2,4,6,8,2,4,6,8,5,5,1,3,3,3,3,6,6,8,8,8,11,1,3,3,3,3,7,7,7,7,9,11,26295,159833.0,160599,37762,46353,361315,363333,174850.0,41008,157723,194165,69650,32870.0,161414,33086,30352,183500,56972,182223,23991,312765,23264,11,2
28,9817,8654,1,2,4,6,8,4,6,3,5,7,5,1,2,4,6,8,4,6,3,5,7,5,1,3,3,3,3,6,6,8,8,8,11,1,3,3,3,3,6,6,8,8,8,11,30455,213809.0,114769,40548,417068,41365,22991,25816.0,72436,24915,101419,169756,214685.0,109897,24751,155782,148302,37169,210276,25496,106228,47382,10,31
29,8659,8197,1,2,4,6,8,2,4,6,8,4,6,1,2,4,6,8,2,4,6,8,4,6,1,3,3,3,3,7,7,7,7,10,10,1,3,3,3,3,7,7,7,7,10,10,23021,169162.0,32441,43248,23257,33468,24148,113968.0,175947,239807,51545,37770,49571.0,23571,38899,214570,278343,173317,319300,139671,26554,286119,10,31
30,9825,8586,1,2,4,6,8,4,6,3,5,7,5,1,2,4,6,8,4,6,3,5,7,5,1,3,3,3,3,6,6,8,8,8,11,1,3,3,3,3,6,6,8,8,8,11,30859,26154.0,35606,46539,38521,159594,37436,242094.0,36378,50047,46469,26295,159833.0,160599,37762,46353,361315,363333,174850,41008,157723,194165,11,8
31,10252,8456,1,2,4,6,8,3,5,7,3,5,7,1,2,4,6,8,4,6,3,5,7,5,1,3,3,3,3,7,7,7,10,10,10,1,3,3,3,3,6,6,8,8,8,11,69650,32870.0,161414,24208,473853,261313,56972,179410.0,358289,154280,23991,31432,26111.0,39027,174321,16351,40196,101103,169200,36615,246575,143365,11,8
32,8678,10261,1,2,4,6,8,2,4,6,8,5,5,1,2,4,6,8,2,4,6,8,4,6,1,3,3,3,3,7,7,7,7,9,11,1,3,3,3,3,7,7,7,7,10,10,38617,160447.0,35515,24216,68237,155913,46810,23629.0,160496,155129,185236,23979,104482.0,277761,30929,308932,94550,109652,38373,108038,479020,351860,11,7
33,8197,9817,1,2,4,6,8,2,4,6,8,5,5,1,2,4,6,8,2,4,6,8,4,6,1,3,3,3,3,7,7,7,7,9,11,1,3,3,3,3,7,7,7,7,10,10,37770,49571.0,23571,38899,43061,139671,173317,319300.0,214570,278343,286119,30455,213809.0,114769,40548,417068,24915,22991,41365,25816,72436,101419,11,7
34,8650,9826,1,2,4,6,8,4,6,3,5,7,5,1,2,4,6,8,4,6,3,5,7,5,1,3,3,3,3,6,6,8,8,8,11,1,3,3,3,3,6,6,8,8,8,11,37868,157838.0,22764,94043,314605,307021,95327,280653.0,184536,37234,148315,36283,154271.0,23837,23030,183519,26160,28901,198510,35345,160194,46417,11,8
35,10260,8659,1,2,4,6,8,4,6,3,5,7,5,1,2,4,6,8,4,6,3,5,7,5,1,3,3,3,3,6,6,8,8,8,11,1,3,3,3,3,6,6,8,8,8,11,182917,23354.0,165823,161012,161035,34944,30872,41468.0,30829,299215,413557,23021,169162.0,32441,43248,23257,24148,113968,175947,24171,33468,51545,11,7
36,9850,10003,1,2,4,6,8,2,4,6,8,5,5,1,2,4,6,8,4,6,3,5,7,5,1,3,3,3,3,7,7,7,7,9,11,1,3,3,3,3,6,6,8,8,8,11,40602,265918.0,72417,26209,25667,46354,40100,24393.0,231801,35493,31953,30973,111800.0,155050,24948,102356,144996,127130,95955,157729,52563,26344,11,7
37,10194,8455,1,2,4,6,8,4,6,3,5,7,5,1,2,4,6,8,4,6,3,5,7,5,1,3,3,3,3,6,6,8,8,8,11,1,3,3,3,3,6,6,8,8,8,11,288880,34036.0,40695,200962,37194,23253,39109,176300.0,96643,110148,33881,46518,72541.0,281207,30627,324910,79574,115067,150250,94086,107417,19243,11,7
38,8472,8466,1,2,4,6,8,4,6,3,5,7,5,1,2,4,6,8,4,6,3,5,7,5,1,3,3,3,3,6,6,8,8,8,11,1,3,3,3,3,6,6,8,8,8,11,103428,432040.0,165526,26108,22964,109330,118929,24159.0,39139,520230,32627,30841,72665.0,26552,209405,46010,23792,209384,303339,279490,94267,41280,11,7
39,8654,8668,1,2,4,6,8,4,6,3,5,7,5,1,2,4,6,8,4,6,3,5,7,5,1,3,3,3,3,6,6,8,8,8,11,1,3,3,3,3,6,6,8,8,8,11,169756,214685.0,109897,35110,155782,148302,37169,210276.0,25496,106228,47382,31465,77690.0,263653,213878,316688,101192,23782,251925,215384,30922,181276,11,7
40,8455,9850,1,2,4,6,8,4,6,3,5,7,5,1,2,4,6,8,1,3,5,7,9,5,1,3,3,3,3,6,6,8,8,8,11,1,3,3,3,3,7,7,7,7,7,11,46518,31306.0,281207,30627,467354,30613,115067,94086.0,107417,150250,19243,40602,265918.0,72417,26209,25667,201664,46354,71502,24393,231801,38369,11,21
41,9826,8472,1,2,4,6,8,4,6,3,5,7,5,1,3,5,7,1,3,5,7,9,4,6,1,3,3,3,3,6,6,8,8,8,11,1,3,3,3,7,7,7,7,7,10,10,36283,146830.0,23837,23030,183519,26160,28901,198510.0,160194,35345,169721,103428,165526.0,24150,26108,22964,35443,109330,25150,180330,32627,30348,11,23
42,8668,10252,1,2,4,6,8,4,6,3,5,7,5,1,2,4,6,8,3,5,7,3,5,7,1,3,3,3,3,6,6,8,8,8,11,1,3,3,3,3,7,7,7,10,10,10,31465,77690.0,263653,213878,316688,101192,23782,251925.0,215384,30922,181276,69650,32870.0,24208,161414,30352,179410,182223,261313,358289,154280,312765,11,21
43,8456,8650,1,2,4,6,8,4,6,3,5,7,5,1,2,4,6,8,4,6,3,5,7,5,1,3,3,3,3,6,6,8,8,8,11,1,3,3,3,3,6,6,8,8,8,11,31432,26111.0,30459,156551,16351,36615,101103,33991.0,169200,246575,37412,37868,157838.0,22764,114268,314605,307021,95327,38807,37234,184536,242709,11,21
44,10261,8197,1,2,4,6,8,2,4,6,8,4,6,1,2,4,6,8,2,4,6,8,4,6,1,3,3,3,3,7,7,7,7,10,10,1,3,3,3,3,7,7,7,7,10,10,23979,104482.0,277761,30929,308932,94550,109652,38373.0,108038,351860,479020,37770,49571.0,23571,38899,43061,278343,319300,173317,139671,26554,286119,11,21
45,8466,10194,1,2,4,6,8,4,6,3,5,7,5,1,2,4,6,8,4,6,3,5,7,5,1,3,3,3,3,6,6,8,8,8,11,1,3,3,3,3,6,6,8,8,8,11,30841,160627.0,26552,209405,46010,166676,209384,23293.0,23792,94267,41280,288880,34036.0,40695,200962,37194,23253,39109,176300,96643,110148,33881,11,21
46,10003,8678,1,2,4,6,8,4,6,3,5,7,5,1,2,4,6,8,2,4,6,8,5,5,1,3,3,3,3,6,6,8,8,8,11,1,3,3,3,3,7,7,7,7,9,11,30973,111800.0,165704,24948,102356,127130,144996,95955.0,23882,38831,150026,38617,35515.0,156013,24216,68237,155913,23629,46810,160496,155129,185236,11,21
47,8586,8654,1,2,4,6,8,4,6,3,5,7,5,1,2,4,6,8,4,6,3,5,7,5,1,3,3,3,3,6,6,8,8,8,11,1,3,3,3,3,6,6,8,8,8,11,26295,159833.0,160599,37762,46353,361315,363333,212867.0,41008,157723,194165,169756,214685.0,109897,35110,155782,37169,148302,106228,210276,192899,47382,11,22
48,9817,10260,1,2,4,6,8,4,6,3,5,7,5,1,2,4,6,8,4,6,2,8,4,6,1,3,3,3,3,6,6,8,8,8,11,1,3,3,3,3,6,6,8,8,10,10,30455,213809.0,40548,114769,24915,41365,22991,37411.0,72436,25816,101419,182917,23354.0,186137,165823,161012,46893,30872,41468,164676,299215,303824,11,21
49,8659,9825,1,2,4,6,8,4,6,3,5,7,5,1,2,4,6,8,4,6,3,5,7,5,1,3,3,3,3,6,6,8,8,8,11,1,3,3,3,3,6,6,8,8,8,11,23021,169162.0,26527,43248,23257,113968,24148,24171.0,33468,175947,51545,30859,427438.0,35606,46539,38521,37436,159594,50047,36378,78513,46469,11,21
50,10252,9817,1,2,4,6,8,3,5,7,3,5,7,1,2,4,6,8,4,6,3,5,7,5,1,3,3,3,3,7,7,7,10,10,10,1,3,3,3,3,6,6,8,8,8,11,69650,32870.0,24208,161414,30352,261313,56972,179410.0,358289,154280,23991,30455,213809.0,40548,114769,417068,41365,22991,165773,72436,25816,101419,11,28
51,8678,8668,1,2,4,6,8,2,4,6,8,5,5,1,2,4,6,8,4,6,3,5,7,5,1,3,3,3,3,7,7,7,7,9,11,1,3,3,3,3,6,6,8,8,8,11,38617,35515.0,156013,24216,68237,155913,46810,23629.0,160496,155129,185236,31465,77690.0,213878,263653,316688,101192,23782,251925,215384,30922,181276,11,28
52,9826,10261,1,2,4,6,8,4,6,3,5,7,5,1,2,4,6,8,4,6,3,5,7,5,1,3,3,3,3,6,6,8,8,8,11,1,3,3,3,3,6,6,8,8,8,11,36283,146830.0,23837,23030,183519,26160,28901,160194.0,35345,198510,169721,23979,104482.0,277761,30929,308932,160243,109652,94550,108038,479020,46700,11,28
53,8197,10260,1,2,4,6,8,2,4,6,8,4,6,1,3,5,7,2,4,6,8,5,4,6,1,3,3,3,3,7,7,7,7,10,10,1,3,3,3,7,7,7,7,9,11,11,37770,49571.0,38899,23571,43061,278343,173317,319300.0,139671,20694,286119,182917,575780.0,165823,161012,46820,30872,34944,23354,41468,413557,30829,11,28
54,8650,10003,1,2,4,6,8,4,6,3,5,7,5,1,2,4,6,8,4,6,3,5,7,5,1,3,3,3,3,6,6,8,8,8,11,1,3,3,3,3,6,6,8,8,8,11,37868,157838.0,22764,114268,314605,38807,307021,280653.0,242709,37234,148315,30973,111800.0,165704,24948,102356,23882,144996,38831,157729,95955,150026,11,29
55,8456,8466,1,2,4,6,8,4,6,3,5,7,5,1,2,4,6,8,4,6,3,5,7,5,1,3,3,3,3,6,6,8,8,8,11,1,3,3,3,3,6,6,8,8,8,11,28955,26111.0,30459,174321,16351,40196,78324,169200.0,36615,246575,37412,30841,72665.0,26552,209405,46010,166676,212470,303339,23792,279490,23293,11,28
56,9850,9825,1,2,4,6,8,4,6,3,5,7,5,1,2,4,6,8,4,6,3,5,7,5,1,3,3,3,3,6,6,8,8,8,11,1,3,3,3,3,6,6,8,8,8,11,40602,265918.0,72417,26209,25667,24393,32734,46354.0,35493,231801,37779,30859,427438.0,35606,46539,38521,23688,37436,75489,36378,50047,46469,11,29
57,8472,10194,1,3,5,7,1,3,5,7,9,4,6,1,2,4,6,8,4,6,3,5,7,5,1,3,3,3,7,7,7,7,7,10,10,1,3,3,3,3,6,6,8,8,8,11,103428,165526.0,24150,26108,432040,35443,109330,25150.0,180330,32627,30348,288880,34036.0,40695,200962,37194,23253,39109,176300,96643,110148,33881,11,28
58,8586,8455,1,2,4,6,8,4,6,3,5,7,5,1,2,4,6,8,4,6,3,5,7,5,1,3,3,3,3,6,6,8,8,8,11,1,3,3,3,3,6,6,8,8,8,11,26295,159833.0,160599,37762,46353,361315,160448,212867.0,41008,157723,194165,46518,31306.0,281207,23783,72541,115067,30613,94086,128864,150250,107417,11,29
59,8654,8659,1,2,4,6,8,4,6,3,5,7,5,1,2,4,6,8,4,6,3,5,7,5,1,3,3,3,3,6,6,8,8,8,11,1,3,3,3,3,6,6,8,8,8,11,169756,214685.0,49543,35110,155782,148302,163919,106228.0,210276,18506,192899,23021,169162.0,43248,32441,26527,24148,113968,33468,24171,175947,51545,11,29
60,9825,8472,1,2,4,6,8,4,6,3,5,7,5,1,1,3,5,7,9,2,4,6,8,5,1,3,3,3,3,6,6,8,8,8,11,1,3,3,3,3,3,7,7,7,7,11,30859,427438.0,35606,46539,38521,23688,75489,242094.0,36378,196386,46469,103428,432040.0,165526,24150,26108,180330,520230,109330,39139,184822,32627,12,5
61,8455,8678,1,2,4,6,8,4,6,3,5,7,5,1,2,4,6,8,5,2,4,6,8,5,1,3,3,3,3,6,6,8,8,8,11,1,3,3,3,3,6,8,8,8,8,11,170323,31306.0,281207,23783,324910,30613,115067,94086.0,128864,150250,107417,30974,160447.0,35515,156013,68237,23629,155913,46810,155129,160496,185236,12,5
62,8668,9826,1,2,4,6,8,4,6,3,5,7,5,1,2,4,6,8,3,5,7,3,5,7,1,3,3,3,3,6,6,8,8,8,11,1,3,3,3,3,7,7,7,10,10,10,31465,77690.0,263653,213878,316688,160713,23782,251925.0,215384,30922,181276,36283,146830.0,23837,23030,183519,26160,8985,28901,35345,169721,160194,12,7
63,10260,8654,1,2,4,6,8,4,6,3,5,7,5,1,2,4,6,8,3,5,7,3,5,7,1,3,3,3,3,6,6,8,8,8,11,1,3,3,3,3,7,7,7,10,10,10,182917,575780.0,165823,161012,46820,46893,30872,41468.0,39618,299215,413557,169756,109897.0,35110,49543,155782,148302,23678,37169,18506,47382,106228,12,5
64,10261,8650,1,2,4,6,8,2,4,6,8,5,5,1,2,4,6,8,3,5,7,3,5,7,1,3,3,3,3,7,7,7,7,9,11,1,3,3,3,3,7,7,7,10,10,10,23979,104482.0,30929,277761,308932,94550,160243,109652.0,108038,103899,46700,37868,157838.0,22764,114268,314605,47558,95327,38807,280653,148315,242709,12,6
65,8466,10252,1,2,4,6,8,4,6,3,5,7,5,1,2,4,6,8,3,5,7,3,5,7,1,3,3,3,3,6,6,8,8,8,11,1,3,3,3,3,7,7,7,10,10,10,30841,160627.0,26552,209405,46010,166676,279490,303339.0,23792,94267,41280,69650,32870.0,257847,33086,183500,261313,56972,179410,154280,107415,23991,12,5
66,10194,8456,1,4,6,8,2,4,6,3,5,7,5,1,2,4,6,8,4,6,3,5,7,5,1,3,3,3,3,6,6,8,8,8,11,1,3,3,3,3,6,6,8,8,8,11,288880,40695.0,200962,37194,34036,119541,23253,176300.0,26434,110148,96643,31432,26111.0,30459,174321,16351,40196,101103,169200,37459,246575,143365,12,5
67,10003,8197,1,2,4,6,8,4,6,3,5,7,5,1,2,4,6,8,2,4,6,8,4,6,1,3,3,3,3,6,6,8,8,8,11,1,3,3,3,3,7,7,7,7,10,10,30973,111800.0,165704,24948,102356,23882,144996,95955.0,157729,38831,26344,37770,49571.0,23571,38899,43061,278343,173317,319300,139671,26554,286119,12,5
68,9817,9850,1,2,4,6,8,4,6,3,5,7,5,1,2,4,6,8,2,4,8,5,6,5,1,3,3,3,3,6,6,8,8,8,11,1,3,3,3,3,7,7,7,9,7,11,30455,213809.0,114769,40548,417068,41365,22991,24915.0,72436,37411,101419,127712,265918.0,72417,26209,25667,201664,40100,231801,46354,32734,37779,12,5
69,8659,8586,1,2,4,6,8,5,2,4,6,8,5,1,2,4,6,8,4,6,3,5,7,5,1,3,3,3,3,6,8,8,8,8,11,1,3,3,3,3,6,6,8,8,8,11,23021,169162.0,26527,32441,23257,43248,33468,24148.0,24171,175947,51545,26295,159833.0,160599,37762,46353,361315,41008,174850,363333,157723,194165,12,5
70,10252,9825,1,2,4,6,8,3,5,7,3,5,7,1,2,4,6,8,4,6,3,5,7,5,1,3,3,3,3,7,7,7,10,10,10,1,3,3,3,3,6,6,8,8,8,11,69650,32870.0,257847,33086,183500,261313,56972,179410.0,154280,107415,23991,30859,427438.0,35606,46539,38521,23688,75489,242094,36378,31013,46469,12,13
71,8678,10260,1,2,4,6,8,5,2,4,6,8,5,1,2,4,6,8,4,6,3,5,7,5,1,3,3,3,3,6,8,8,8,8,11,1,3,3,3,3,6,6,8,8,8,11,30974,160447.0,35515,156013,68237,23629,155913,155129.0,46810,160496,185236,182917,465614.0,575780,161012,693138,39618,34944,299215,41468,303824,413557,12,12
72,9826,8466,1,2,4,6,8,3,5,7,3,5,7,1,2,4,6,8,4,6,3,5,7,5,1,3,3,3,3,7,7,7,10,10,10,1,3,3,3,3,6,6,8,8,8,11,36283,146830.0,23837,23030,183519,28901,26160,35345.0,160194,169721,198510,278285,160627.0,26552,209405,46010,166676,72665,303339,23792,212470,23293,12,12
73,8197,8455,1,2,4,6,8,2,4,6,8,4,6,1,2,4,6,8,4,6,3,5,7,5,1,3,3,3,3,7,7,7,7,10,10,1,3,3,3,3,6,6,8,8,8,11,37770,49571.0,23571,38899,43061,278343,173317,319300.0,139671,26554,286119,170323,31306.0,281207,30627,72541,79574,115067,94086,128864,107417,19243,12,14
74,8650,8659,1,2,4,6,8,3,5,7,3,5,7,1,2,4,6,8,5,2,4,6,8,5,1,3,3,3,3,7,7,7,10,10,10,1,3,3,3,3,6,8,8,8,8,11,37868,157838.0,22764,114268,314605,307021,156008,38807.0,37234,148315,184536,23021,169162.0,32441,26527,23257,43248,25075,24148,24171,175947,51545,12,13
75,8456,10003,1,2,4,6,8,4,6,3,5,7,5,1,2,4,6,8,4,6,3,5,7,5,1,3,3,3,3,6,6,8,8,8,11,1,3,3,3,3,6,6,8,8,8,11,31432,26111.0,174321,156551,31291,40196,36615,33991.0,37459,246575,143365,30973,89185.0,155050,24948,102356,23882,46008,38831,144996,157729,95955,12,12
76,9850,8668,1,2,4,6,8,4,6,3,5,7,5,1,2,4,6,8,4,6,3,5,7,5,1,3,3,3,3,6,6,8,8,8,11,1,3,3,3,3,6,6,8,8,8,11,127712,265918.0,24903,26209,25667,24393,40100,201664.0,35493,231801,31953,31465,77690.0,263653,213878,24846,160713,23782,251925,215384,30922,181276,12,12
77,8472,9817,1,2,4,6,8,3,5,7,3,5,7,1,2,4,6,8,2,4,6,8,4,6,1,3,3,3,3,7,7,7,10,10,10,1,3,3,3,3,7,7,7,7,10,10,103428,22964.0,24150,165526,180330,432040,39139,109330.0,184822,32627,520230,30455,213809.0,40548,114769,417068,25816,41365,22991,37411,72436,101419,12,12
78,8586,10261,1,2,4,6,8,4,6,3,5,7,5,1,2,4,6,8,2,4,6,8,4,6,1,3,3,3,3,6,6,8,8,8,11,1,3,3,3,3,7,7,7,7,10,10,26295,159833.0,160599,37762,46353,361315,212702,174850.0,363333,157723,194165,23979,104482.0,277761,30929,308932,94550,109652,160243,108038,103899,46700,12,13
79,8654,10194,1,2,4,6,8,4,6,3,5,7,5,1,2,4,6,8,4,6,3,5,7,5,1,3,3,3,3,6,6,8,8,8,11,1,3,3,3,3,6,6,8,8,8,11,169756,109897.0,49543,24751,155782,23678,37169,158545.0,148302,18506,47382,288880,34036.0,40695,200962,37194,23253,119541,26434,199291,110148,96643,12,12
80,9825,8456,1,2,4,6,8,4,6,3,5,7,5,1,2,4,6,8,4,6,3,5,7,5,1,3,3,3,3,6,6,8,8,8,11,1,3,3,3,3,6,6,8,8,8,11,30859,427438.0,35606,46539,38521,75489,23688,31013.0,36378,242094,46469,31432,26111.0,156551,174321,16351,40196,78324,37459,36615,169200,37412,12,21
81,8455,8472,1,2,4,6,8,4,6,3,5,7,5,1,1,3,5,7,9,2,4,6,8,5,1,3,3,3,3,6,6,8,8,8,11,1,3,3,3,3,3,7,7,7,7,11,170323,31306.0,281207,30627,72541,30613,115067,94086.0,128864,150250,19243,103428,22964.0,165526,24150,26108,180330,520230,109330,109058,39139,30348,12,19
82,8668,8197,1,2,4,6,8,4,6,3,5,7,5,1,2,4,6,8,2,4,6,8,4,6,1,3,3,3,3,6,6,8,8,8,11,1,3,3,3,3,7,7,7,7,10,10,31465,77690.0,263653,213878,24846,160713,23782,251925.0,215384,30922,181276,37770,49571.0,23571,13423,43061,278343,103419,319300,139671,286119,20694,12,19
83,10260,9850,1,2,4,6,8,4,6,3,5,7,5,1,2,4,6,8,4,6,3,5,7,5,1,3,3,3,3,6,6,8,8,8,11,1,3,3,3,3,6,6,8,8,8,11,182917,161012.0,165823,186137,23354,34944,39618,303824.0,413557,41468,30829,127712,24903.0,72417,26209,25667,40100,24393,201664,35493,231801,31953,12,19
84,10261,10252,1,2,4,6,8,4,6,3,5,7,5,1,2,4,6,8,3,5,7,3,5,7,1,3,3,3,3,6,6,8,8,8,11,1,3,3,3,3,7,7,7,10,10,10,23979,104482.0,277761,30929,308932,94550,109652,160243.0,108038,103899,46700,69650,32870.0,257847,33086,183500,182223,56972,261313,23991,154280,179410,12,19
85,8466,8586,1,2,4,6,8,4,6,3,5,7,5,1,2,4,6,8,4,6,3,5,7,5,1,3,3,3,3,6,6,8,8,8,11,1,3,3,3,3,6,6,8,8,8,11,278285,160627.0,26552,209405,46010,166676,209384,23792.0,303339,94267,41280,26295,159833.0,160599,37762,276121,361315,41008,174850,363333,157723,194165,12,19
86,10194,9826,1,2,4,6,8,3,5,7,3,5,7,1,2,4,6,8,2,4,6,8,4,6,1,3,3,3,3,7,7,7,10,10,10,1,3,3,3,3,7,7,7,7,10,10,288880,34036.0,40695,200962,37194,199291,23253,26434.0,176300,96643,110148,36283,146830.0,23030,23837,183519,198510,28901,22929,35345,169721,160194,12,19
87,10003,8654,1,2,4,6,8,3,5,7,3,5,7,1,2,4,6,8,5,2,4,6,8,5,1,3,3,3,3,7,7,7,10,10,10,1,3,3,3,3,6,8,8,8,8,11,30973,89185.0,155050,24948,102356,46008,23882,144996.0,95955,157729,26344,169756,109897.0,24751,49543,155782,23678,18506,37169,148302,158545,8922,12,20
88,9817,8650,1,2,4,6,8,2,4,6,8,4,6,1,2,4,6,8,3,5,7,3,5,7,1,3,3,3,3,7,7,7,7,10,10,1,3,3,3,3,7,7,7,10,10,10,30455,213809.0,40548,114769,417068,25816,41365,22991.0,37411,101419,72436,157303,157838.0,22764,94043,314605,156008,95327,307021,37234,242709,184536,12,20
89,8659,8678,1,2,4,6,8,5,2,4,6,8,5,1,2,4,6,8,5,2,4,6,8,5,1,3,3,3,3,6,8,8,8,8,11,1,3,3,3,3,6,8,8,8,8,11,23021,169162.0,32441,26527,23257,43248,25075,24148.0,24171,175947,51545,30974,160447.0,35515,156013,68237,23629,155913,155129,46810,160496,35523,12,19
90,10252,8654,1,2,4,6,8,3,5,7,5,4,6,1,2,4,6,8,4,6,3,5,7,5,1,3,3,3,3,6,6,6,8,10,10,1,3,3,3,3,6,6,8,8,8,11,69650,32870.0,257847,33086,183500,182223,56972,179410.0,261313,107415,154280,169756,109897.0,24751,49543,155782,163919,148302,158545,37169,18506,195927,12,26
91,8678,9826,1,2,4,6,8,1,3,5,7,9,5,1,2,4,6,8,2,4,6,8,4,6,1,3,3,3,3,7,7,7,7,7,11,1,3,3,3,3,7,7,7,7,10,10,30974,160447.0,35515,156013,68237,155913,46810,23629.0,155129,160496,35523,36283,146830.0,23837,23030,183519,198510,22929,28901,35345,149917,24157,12,26
92,8455,9817,1,2,4,6,8,4,6,3,5,7,5,1,2,4,6,8,2,4,6,8,4,6,1,3,3,3,3,6,6,8,8,8,11,1,3,3,3,3,7,7,7,7,10,10,170323,31306.0,23783,30627,72541,30613,115067,94086.0,128864,150250,19243,30455,213809.0,40548,114769,35712,25816,41365,22991,37411,72436,101419,12,26
93,8650,8197,1,2,4,6,8,2,4,6,8,4,6,1,2,4,6,8,2,4,6,8,4,6,1,3,3,3,3,7,7,7,7,10,10,1,3,3,3,3,7,7,7,7,10,10,37868,157838.0,114268,94043,314605,37234,156008,307021.0,184536,242709,426202,37770,49571.0,23571,38899,43061,278343,103419,319300,139671,20694,286119,12,26
94,8456,8472,1,2,4,6,8,4,6,3,5,7,5,1,2,4,6,8,3,5,7,3,5,7,1,3,3,3,3,6,6,8,8,8,11,1,3,3,3,3,7,7,7,10,10,10,31432,26111.0,174321,156551,16351,36615,40196,169200.0,37459,246575,143365,37233,22964.0,24150,165526,180330,24159,109330,118929,184822,32627,38759,12,26
95,10261,8668,1,2,4,6,8,2,4,6,8,5,5,1,2,4,6,8,3,5,7,3,5,7,1,3,3,3,3,7,7,7,7,9,11,1,3,3,3,3,7,7,7,10,10,10,23979,104482.0,277761,30929,308932,94550,109652,160243.0,108038,479020,351860,31465,77690.0,263653,213878,24846,160713,23782,215384,30895,181276,26151,12,26
96,8466,9825,1,2,4,6,8,4,6,3,5,7,5,1,2,4,6,8,4,6,3,5,7,5,1,3,3,3,3,6,6,8,8,8,11,1,3,3,3,3,6,6,8,8,8,11,30841,149855.0,26552,209405,46010,209384,166676,279490.0,303339,23792,23293,30859,427438.0,35606,46539,38521,23688,75489,242094,36378,31013,46469,12,26
97,10194,10260,1,2,4,6,8,4,6,3,5,7,5,1,2,4,6,8,4,6,3,5,7,5,1,3,3,3,3,6,6,8,8,8,11,1,3,3,3,3,6,6,8,8,8,11,288880,34036.0,40695,200962,37194,23253,119541,176300.0,26434,110148,96643,182917,23354.0,186137,165823,161012,34944,164676,41468,39618,303824,413557,12,26
98,10003,8659,1,2,4,6,8,4,6,3,5,7,5,1,2,4,6,8,5,2,4,6,8,5,1,3,3,3,3,6,6,8,8,8,11,1,3,3,3,3,6,8,8,8,8,11,30973,89185.0,155050,102356,24948,23882,144996,157729.0,38831,52563,95955,23021,169162.0,32441,43248,26527,113968,23257,25075,24148,24171,39225,12,26
99,8586,9850,1,2,4,6,8,4,6,3,5,7,5,1,2,4,6,8,4,6,3,5,7,5,1,3,3,3,3,6,6,8,8,8,11,1,3,3,3,3,6,6,8,8,8,11,26295,159833.0,160599,37762,276121,361315,41008,174850.0,363333,157723,194165,127712,24903.0,72417,26209,25667,71502,40100,201664,38366,231801,31953,12,26
100,9825,8678,1,2,4,6,8,4,6,3,5,7,5,1,2,4,6,8,5,2,4,6,8,5,1,3,3,3,3,6,6,8,8,8,11,1,3,3,3,3,6,8,8,8,8,11,30859,427438.0,35606,177503,78513,75489,425255,196386.0,36378,31013,46469,30974,160447.0,35515,156013,68237,23629,155913,155129,46810,24381,185236,12,28
101,9826,10003,1,2,4,6,8,4,6,3,5,7,5,1,2,4,6,8,4,6,3,5,7,5,1,3,3,3,3,6,6,8,8,8,11,1,3,3,3,3,6,6,8,8,8,11,36283,146830.0,26777,23837,183519,8985,28901,198510.0,26160,35345,25537,30973,193223.0,24948,478357,102356,46008,127130,111800,28108,313668,26344,12,28
102,8668,10194,1,2,4,6,8,4,6,3,5,7,5,1,2,4,6,8,4,6,3,5,7,5,1,3,3,3,3,6,6,8,8,8,11,1,3,3,3,3,6,6,8,8,8,11,31465,77690.0,263653,213878,316688,101192,23782,251925.0,215384,30922,181276,288880,34036.0,40695,200962,37194,119541,23253,176300,26434,110148,96643,12,28
103,8197,8456,1,2,4,6,8,3,5,7,3,5,7,1,2,4,6,8,4,6,3,5,7,5,1,3,3,3,3,7,7,7,10,10,10,1,3,3,3,3,6,6,8,8,8,11,37770,49571.0,23571,38899,43061,319300,25818,173317.0,278343,286119,139671,31432,26111.0,174321,156551,16351,40196,36615,169200,37459,246575,37412,12,29
104,10260,8455,1,2,4,6,8,4,6,3,5,7,5,1,2,4,6,8,4,6,3,5,7,5,1,3,3,3,3,6,6,8,8,8,11,1,3,3,3,3,6,6,8,8,8,11,182917,23354.0,165823,161012,46820,30872,46893,41468.0,164676,413557,30829,170323,31306.0,281207,30627,72541,32345,115067,94086,128864,150250,107417,12,28
105,9850,10252,1,2,4,6,8,2,4,6,8,4,6,1,2,4,6,8,1,3,5,7,9,5,1,3,3,3,3,7,7,7,7,10,10,1,3,3,3,3,7,7,7,7,7,11,127712,24903.0,72417,26209,231801,46354,32734,40100.0,201664,35493,38369,69650,32870.0,24208,161414,183500,23991,179410,182223,261313,30352,154280,12,28
106,8472,8650,1,2,4,6,8,3,5,7,3,5,7,1,2,4,6,8,4,6,3,5,7,5,1,3,3,3,3,7,7,7,10,10,10,1,3,3,3,3,6,6,8,8,8,11,37233,22964.0,165526,30362,180330,109330,25150,109058.0,24159,30348,184822,37868,157838.0,114268,94043,314605,156008,307021,37234,242709,184536,148315,12,30
107,9817,8586,1,2,4,6,8,2,4,6,8,4,6,1,2,4,6,8,4,6,3,5,7,5,1,3,3,3,3,7,7,7,7,10,10,1,3,3,3,3,6,6,8,8,8,11,30455,24915.0,40548,114769,417068,25816,22991,41365.0,37411,72436,101419,26295,191869.0,160599,37762,46353,361315,41008,212702,363333,174850,194165,12,28
108,8659,10261,1,3,5,7,2,4,6,8,4,6,5,1,2,4,6,8,4,6,3,5,7,5,1,3,3,3,7,7,7,7,9,9,11,1,3,3,3,3,6,6,8,8,8,11,23021,32441.0,43248,26527,169162,113968,24148,23257.0,24171,33468,25666,163604,104482.0,277761,30929,308932,109652,160243,94550,479020,108038,351860,12,28
109,8654,8466,1,2,4,6,8,4,6,3,5,7,5,1,2,4,6,8,4,6,3,5,7,5,1,3,3,3,3,6,6,8,8,8,11,1,3,3,3,3,6,6,8,8,8,11,169756,109897.0,24751,49543,214685,23678,148302,158545.0,37169,18506,195927,30841,149855.0,209405,26552,46010,166676,212470,94267,303339,23792,23293,12,28
110,10252,10260,1,2,4,6,8,3,5,7,4,6,5,1,2,4,6,8,4,6,3,5,7,5,1,3,3,3,3,6,6,6,8,8,11,1,3,3,3,3,6,6,8,8,8,11,69650,183500.0,24208,161414,473853,179410,182223,261313.0,154280,23991,23264,109060,46820.0,165823,161012,362694,34944,46893,41468,449241,303824,30829,8,14
111,9826,9825,1,2,4,6,8,4,6,3,5,7,5,1,2,4,6,8,4,6,3,5,7,5,1,3,3,3,3,6,6,8,8,8,11,1,3,3,3,3,6,6,8,8,8,11,119079,146830.0,23837,23030,183519,28901,26160,35345.0,160194,198510,169721,30859,427438.0,35606,46539,38521,159594,37436,75489,36378,50047,46469,8,16
112,8650,8678,1,2,4,6,8,4,6,3,5,7,5,1,2,4,6,8,2,4,6,8,5,5,1,3,3,3,3,6,6,8,8,8,11,1,3,3,3,3,7,7,7,7,9,11,37868,157838.0,22764,114268,568571,156008,38807,280653.0,184536,37234,148315,30974,35515.0,24625,156013,68237,155913,192780,23629,46349,185236,184321,8,17
113,8456,8455,1,2,4,6,8,4,6,3,5,7,5,1,2,4,6,8,4,6,3,5,7,5,1,3,3,3,3,6,6,8,8,8,11,1,3,3,3,3,6,6,8,8,8,11,31432,26111.0,39027,156551,16351,36615,40196,33991.0,37459,246575,37412,46518,31306.0,23783,30627,72541,79574,115067,94086,30613,107417,19243,8,16
114,8466,8668,1,2,4,6,8,4,6,3,5,7,5,1,2,4,6,8,4,6,3,5,7,5,1,3,3,3,3,6,6,8,8,8,11,1,3,3,3,3,6,6,8,8,8,11,30841,160627.0,72665,26552,538112,23792,166676,94267.0,303339,23293,41280,31465,77690.0,263653,23268,316688,101192,23782,30922,215384,160713,181276,8,15
115,8472,9850,1,2,4,6,8,2,4,6,8,4,6,1,2,4,6,8,4,6,3,5,7,5,1,3,3,3,3,7,7,7,7,10,10,1,3,3,3,3,6,6,8,8,8,11,103428,22964.0,165526,26108,180330,35443,25150,109330.0,42598,32627,30348,40602,32616.0,24903,26209,231801,32734,40100,46354,35493,201664,31953,8,15
116,10003,10261,1,2,4,6,8,4,6,3,5,7,5,1,2,4,6,8,4,6,3,5,7,5,1,3,3,3,3,6,6,8,8,8,11,1,3,3,3,3,6,6,8,8,8,11,30973,111800.0,155050,24948,102356,46008,127130,95955.0,157729,52563,26344,24229,104482.0,277761,30929,240236,109652,160243,94550,108038,39968,46700,8,15
117,8586,10194,1,2,4,6,8,2,4,6,8,4,6,1,2,4,6,8,4,6,3,5,7,5,1,3,3,3,3,7,7,7,7,10,10,1,3,3,3,3,6,6,8,8,8,11,26295,159833.0,160599,37762,276121,361315,160448,41008.0,157723,110189,194165,288880,34036.0,119541,173382,37194,199291,23253,33881,110148,26434,72735,8,15
118,9817,8659,1,2,4,6,8,4,6,3,5,7,5,1,2,4,6,8,2,4,6,8,4,6,1,3,3,3,3,6,6,8,8,8,11,1,3,3,3,3,7,7,7,7,10,10,30455,213809.0,41927,40548,71724,30966,41365,24915.0,37411,101419,72436,23021,23257.0,32441,169162,26527,25075,113968,24148,24171,39225,239807,8,15
119,8654,8197,1,2,4,6,8,3,5,7,3,5,7,1,2,4,6,8,2,4,6,8,4,6,1,3,3,3,3,7,7,7,10,10,10,1,3,3,3,3,7,7,7,7,10,10,169756,214685.0,35110,49543,155782,37169,575789,25496.0,192899,148302,18506,37770,67850.0,38899,23571,214570,278343,103419,173317,139671,20694,286119,8,15
120,9825,10261,1,2,4,6,8,4,6,3,5,7,5,1,2,4,6,8,4,6,3,5,7,5,1,3,3,3,3,6,6,8,8,8,11,1,3,3,3,3,6,6,8,8,8,11,30859,427438.0,35606,46539,38521,23688,75489,196386.0,36378,31013,46469,23979,104482.0,277761,30929,308932,160243,38373,94550,108038,479020,351860,1,2
121,9826,8455,1,2,4,6,8,4,6,3,5,7,5,1,2,4,6,8,4,6,3,5,7,5,1,3,3,3,3,6,6,8,8,8,11,1,3,3,3,3,6,6,8,8,8,11,36283,146830.0,23837,23030,183519,28901,8985,35345.0,130670,198510,24157,170323,31306.0,281207,30627,72541,32345,30613,94086,128864,107417,19243,1,3
122,8668,8586,1,2,4,6,8,4,6,3,5,7,5,1,2,4,6,8,4,6,3,5,7,5,1,3,3,3,3,6,6,8,8,8,11,1,3,3,3,3,6,6,8,8,8,11,31465,77690.0,263653,213878,24846,160713,23782,30895.0,215384,30922,181276,26295,159833.0,160599,37762,276121,361315,212702,157723,363333,174850,194165,1,3
123,8197,8678,1,2,4,6,8,2,4,6,8,4,6,1,2,4,6,8,5,2,4,6,8,5,1,3,3,3,3,7,7,7,7,10,10,1,3,3,3,3,6,8,8,8,8,11,37770,49571.0,23571,38899,43061,278343,173317,319300.0,139671,286119,26554,30974,160447.0,35515,156013,68237,23629,155913,46810,155129,160496,185236,1,2
124,10260,10003,1,2,4,6,8,4,6,3,5,7,5,1,2,4,6,8,5,4,6,5,4,6,1,3,3,3,3,6,6,8,8,8,11,1,3,3,3,3,6,7,7,9,11,11,182917,23354.0,165823,186137,161012,30872,46893,41468.0,164676,413557,30829,30973,89185.0,155050,24948,102356,23882,144996,46008,157729,95955,38831,1,2
125,9850,8466,1,2,4,6,8,4,6,3,5,7,5,1,2,4,6,8,4,6,3,5,7,5,1,3,3,3,3,6,6,8,8,8,11,1,3,3,3,3,6,6,8,8,8,11,127712,24903.0,72417,26209,231801,24393,40100,46354.0,35493,201664,38369,30841,149855.0,26552,209405,46010,209384,166676,94267,23792,279490,23293,1,2
126,8472,10252,1,2,4,6,8,2,4,6,8,4,6,1,2,4,6,8,3,5,7,3,5,7,1,3,3,3,3,7,7,7,7,10,10,1,3,3,3,3,7,7,7,10,10,10,37233,22964.0,30362,24150,180330,24159,25150,109330.0,520230,30348,184822,69650,32870.0,24208,33086,93484,179410,261313,358289,183500,107415,312765,1,2
127,9817,8456,1,2,4,6,8,2,4,6,8,4,6,1,2,4,6,8,4,6,3,5,7,5,1,3,3,3,3,7,7,7,7,10,10,1,3,3,3,3,6,6,8,8,8,11,30455,213809.0,40548,114769,35712,25816,41365,22991.0,37411,101419,72436,31432,26111.0,174321,156551,16351,40196,36615,169200,37459,246575,37412,1,2
128,8659,10194,1,2,4,6,8,4,6,3,5,7,5,1,2,4,6,8,4,6,3,5,7,5,1,3,3,3,3,6,6,8,8,8,11,1,3,3,3,3,6,6,8,8,8,11,23021,169162.0,32441,43248,23257,24148,113968,25075.0,24171,33468,39225,288880,34036.0,40695,200962,37194,119541,23253,176300,26434,110148,96643,1,2
129,8654,8650,1,2,4,6,8,2,4,6,8,4,6,1,2,4,6,8,4,6,3,5,7,5,1,3,3,3,3,7,7,7,7,10,10,1,3,3,3,3,6,6,8,8,8,11,169756,109897.0,24751,49543,155782,158545,37169,148302.0,210276,47382,195927,37868,157838.0,114268,94043,314605,307021,95327,280653,242709,184536,148315,1,2
130,10252,9826,1,2,4,6,8,4,6,3,5,7,5,1,2,4,6,8,4,6,3,5,7,5,1,3,3,3,3,6,6,8,8,8,11,1,3,3,3,3,6,6,8,8,8,11,24579,183500.0,257847,33086,93484,179410,182223,358289.0,261313,154280,150401,36283,146830.0,23837,23030,183519,28901,22929,35345,26160,198510,46417,1,12
131,8678,8654,1,2,4,6,8,5,2,4,6,8,5,1,2,4,6,8,4,6,3,5,7,5,1,3,3,3,3,6,8,8,8,8,11,1,3,3,3,3,6,6,8,8,8,11,30974,160447.0,35515,156013,68237,23629,155913,46810.0,155129,160496,232253,169756,109897.0,24751,49543,155782,37169,163919,195927,25496,158545,47382,1,12
132,10003,8472,1,2,4,6,8,3,5,7,3,5,7,1,2,4,6,8,4,6,3,5,7,5,1,3,3,3,3,7,7,7,10,10,10,1,3,3,3,3,6,6,8,8,8,11,30973,111800.0,155050,24948,102356,144996,23882,157729.0,313668,95955,38831,37233,22964.0,24150,30362,180330,25150,109330,24159,42598,184822,30348,1,13
133,8650,9825,1,2,4,6,8,4,6,3,5,7,5,1,2,4,6,8,4,6,3,5,7,5,1,3,3,3,3,6,6,8,8,8,11,1,3,3,3,3,6,6,8,8,8,11,37868,157838.0,30831,94043,314605,156008,38807,280653.0,307021,37234,242709,30859,427438.0,35606,46539,38521,23688,75489,242094,36378,31013,46469,1,13
134,8455,8659,1,2,4,6,8,4,6,3,5,7,5,1,2,4,6,8,4,6,3,5,7,5,1,3,3,3,3,6,6,8,8,8,11,1,3,3,3,3,6,6,8,8,8,11,170323,31306.0,30627,281207,72541,30613,32345,94086.0,128864,150250,19243,23021,169162.0,32441,26527,43248,24148,113968,175947,23257,24171,51545,1,13
135,8456,8668,1,2,4,6,8,4,6,3,5,7,5,1,2,4,6,8,3,5,7,4,6,5,1,3,3,3,3,6,6,8,8,8,11,1,3,3,3,3,6,6,6,8,8,11,31432,26111.0,174321,30459,31291,101103,36615,33991.0,169200,246575,37412,31465,263653.0,23268,213878,24846,212866,215384,23782,251925,24006,181276,1,13
136,10261,10260,1,2,4,6,8,2,4,6,8,4,6,1,2,4,6,8,6,5,4,3,7,5,1,3,3,3,3,7,7,7,7,10,10,1,3,3,3,3,6,8,6,8,8,11,23979,104482.0,277761,30929,308932,94550,38373,160243.0,108038,479020,351860,182917,23354.0,165823,161012,46820,39618,164676,46893,299215,413557,30829,1,12
137,8466,9817,1,2,4,6,8,4,6,3,5,7,5,1,2,4,6,8,2,4,6,8,4,6,1,3,3,3,3,6,6,8,8,8,11,1,3,3,3,3,7,7,7,7,10,10,95336,160627.0,26552,209405,46010,212470,209384,23792.0,303339,538112,23293,30455,213809.0,41927,114769,35712,25816,41365,22991,37411,101419,72436,1,13
138,10194,9850,1,2,4,6,8,4,6,3,5,7,5,1,2,4,6,8,2,4,6,8,5,5,1,3,3,3,3,6,6,8,8,8,11,1,3,3,3,3,7,7,7,7,9,11,288880,34036.0,40695,200962,37194,23253,26434,33881.0,96643,110148,172321,127712,24903.0,72417,26209,231801,38366,40100,24393,35493,46354,38369,1,13
139,8586,8197,1,2,4,6,8,4,6,3,5,7,5,1,2,4,6,8,2,4,6,8,4,6,1,3,3,3,3,6,6,8,8,8,11,1,3,3,3,3,7,7,7,7,10,10,26295,159833.0,160599,37762,276121,361315,212702,174850.0,363333,157723,194165,37770,49571.0,23571,38899,43061,278343,319300,173317,139671,286119,20694,1,13
140,10252,8197,1,2,4,6,8,3,5,7,3,5,7,1,2,4,6,8,4,6,3,5,7,5,1,3,3,3,3,7,7,7,10,10,10,1,3,3,3,3,6,6,8,8,8,11,24579,183500.0,257847,33086,93484,261313,179410,182223.0,358289,150401,154280,37770,49571.0,23571,38899,43061,319300,173317,278343,20694,139671,286119,1,16
141,8678,9850,1,2,4,6,8,5,2,4,6,8,5,1,2,4,6,8,2,4,6,8,5,5,1,3,3,3,3,6,8,8,8,8,11,1,3,3,3,3,7,7,7,7,9,11,30974,160447.0,35515,156013,68237,23629,24381,46810.0,155129,160496,232253,127712,24903.0,72417,26209,231801,38366,40100,46354,23538,35493,38369,1,16
142,8455,8668,1,4,6,8,2,4,6,3,5,7,5,1,2,4,6,8,4,6,3,5,7,5,1,3,3,3,3,6,6,8,8,8,11,1,3,3,3,3,6,6,8,8,8,11,170323,30627.0,281207,72541,31306,115067,32345,94086.0,30613,150250,19243,31465,193859.0,23268,263653,24846,212866,23782,30895,215384,26151,181276,1,16
143,8650,10260,1,2,4,6,8,3,5,7,3,5,7,1,2,4,6,8,4,6,3,5,7,5,1,3,3,3,3,7,7,7,10,10,10,1,3,3,3,3,6,6,8,8,8,11,37868,157838.0,30831,94043,314605,156008,95327,307021.0,38807,242709,37234,182917,23354.0,165823,161012,46820,46893,39618,299215,164676,413557,30829,1,17
144,8456,9826,1,2,4,6,8,2,4,6,8,4,6,1,2,4,6,8,4,6,3,5,7,5,1,3,3,3,3,7,7,7,7,10,10,1,3,3,3,3,6,6,8,8,8,11,31432,30509.0,30459,174321,16351,37459,101103,78324.0,169200,643709,37412,36283,146830.0,23837,23030,183519,22929,28901,198510,26160,35345,169721,1,16
145,10261,8654,1,2,4,6,8,4,6,3,5,7,5,1,2,4,6,8,3,5,7,3,5,7,1,3,3,3,3,6,6,8,8,8,11,1,3,3,3,3,7,7,7,10,10,10,23979,104482.0,277761,30929,308932,160243,127130,94550.0,108038,479020,351860,169756,109897.0,24751,49543,155782,37169,148302,163919,25496,195927,158545,1,16
146,8466,8659,1,2,4,6,8,4,6,3,5,7,5,1,2,4,6,8,2,4,6,8,5,5,1,3,3,3,3,6,6,8,8,8,11,1,3,3,3,3,7,7,7,7,9,11,95336,160627.0,26552,209405,46010,166676,279490,23792.0,303339,538112,23293,23021,169162.0,32441,26527,43248,33468,24148,113968,175947,25075,25666,1,16
147,10194,9825,1,2,4,6,8,4,6,3,5,7,5,1,2,4,6,8,5,2,4,6,8,5,1,3,3,3,3,6,6,8,8,8,11,1,3,3,3,3,6,8,8,8,8,11,288880,34036.0,40695,200962,37194,23253,26434,33881.0,96643,110148,172321,30859,427438.0,35606,46539,38521,23688,242094,196386,75489,31013,46469,1,17
148,10003,9817,1,2,4,6,8,3,5,7,5,4,6,1,2,4,6,8,2,4,6,8,4,6,1,3,3,3,3,6,6,6,8,10,10,1,3,3,3,3,7,7,7,7,10,10,30973,111800.0,155050,24948,102356,46008,23882,144996.0,157729,38831,95955,30455,213809.0,40548,114769,417068,37411,22991,41365,30966,101419,72436,1,18
149,8586,8472,1,2,4,6,8,4,6,3,5,7,5,1,2,4,6,8,4,6,3,5,7,5,1,3,3,3,3,6,6,8,8,8,11,1,3,3,3,3,6,6,8,8,8,11,26295,191869.0,160599,37762,46353,361315,41008,174850.0,363333,157723,194165,303919,22964.0,24150,30362,180330,109330,25150,24159,42598,38759,30348,1,16
150,9825,8455,1,2,4,6,8,4,6,3,5,7,5,1,2,4,6,8,4,6,3,5,7,5,1,3,3,3,3,6,6,8,8,8,11,1,3,3,3,3,6,6,8,8,8,11,30859,427438.0,35606,46539,38521,23688,75489,242094.0,36378,31013,46469,170323,31306.0,281207,30627,72541,115067,32345,94086,30613,128864,19243,1,24
151,9826,8586,1,2,4,6,8,4,6,3,5,7,5,1,2,4,6,8,4,6,3,5,7,5,1,3,3,3,3,6,6,8,8,8,11,1,3,3,3,3,6,6,8,8,8,11,36283,146830.0,23837,23030,183519,28901,22929,35345.0,26160,198510,169721,26295,191869.0,160599,37762,46353,361315,41008,212867,363333,157723,194165,1,23
152,8668,10003,1,2,4,6,8,4,6,3,5,7,5,1,2,4,6,8,3,5,7,5,4,6,1,3,3,3,3,6,6,8,8,8,11,1,3,3,3,3,6,6,6,8,10,10,31465,193859.0,263653,213878,24846,23782,212866,251925.0,215384,26151,181276,30973,89185.0,155050,24948,102356,46008,23882,144996,157729,38831,95955,1,24
153,8197,10194,1,2,4,6,8,2,4,6,8,4,6,1,2,4,6,8,4,6,3,5,7,5,1,3,3,3,3,7,7,7,7,10,10,1,3,3,3,3,6,6,8,8,8,11,37770,49571.0,23571,38899,43061,278343,173317,319300.0,139671,20694,286119,288880,34036.0,40695,200962,37194,26434,23253,72735,33881,176300,172321,1,23
154,10260,8466,1,2,4,6,8,4,6,3,5,7,5,1,2,4,6,8,4,6,3,5,7,5,1,3,3,3,3,6,6,8,8,8,11,1,3,3,3,3,6,6,8,8,8,11,182917,46820.0,165823,161012,693138,46893,39618,299215.0,164676,413557,30829,95336,160627.0,209405,26552,46010,166676,209384,94267,303339,538112,23293,1,23
155,9850,8650,1,2,4,6,8,4,6,3,5,7,5,1,2,4,6,8,3,5,7,3,5,7,1,3,3,3,3,6,6,8,8,8,11,1,3,3,3,3,7,7,7,10,10,10,127712,163815.0,24903,26209,231801,32734,46354,201664.0,32705,35493,38369,37868,157838.0,30831,94043,314605,156008,95327,307021,38807,242709,280653,1,23
156,8472,8678,1,2,4,6,8,4,6,3,5,7,5,1,2,4,6,8,5,2,4,6,8,5,1,3,3,3,3,6,6,8,8,8,11,1,3,3,3,3,6,8,8,8,8,11,37233,22964.0,24150,30362,180330,25150,109330,24159.0,42598,184822,30348,30974,160447.0,35515,156013,68237,23629,24381,46810,155129,160496,232253,1,23
157,9817,10261,1,2,4,6,8,3,5,7,4,6,5,1,3,5,7,2,4,6,8,4,6,5,1,3,3,3,3,6,6,6,8,8,11,1,3,3,3,7,7,7,7,9,9,11,30455,165773.0,40548,114769,417068,41365,22991,30966.0,37411,72436,101419,23979,279489.0,30929,277761,104482,94010,127130,570431,94550,108038,351860,1,23
158,8659,10252,1,2,4,6,8,4,6,3,5,7,5,1,2,4,6,8,3,5,7,3,5,7,1,3,3,3,3,6,6,8,8,8,11,1,3,3,3,3,7,7,7,10,10,10,24147,169162.0,32441,26527,43248,113968,24148,25075.0,33468,175947,51545,24579,24208.0,257847,33086,93484,183500,182223,179410,358289,150401,154280,1,23
159,8654,8456,1,2,4,6,8,3,5,7,3,5,7,1,2,4,6,8,4,6,3,5,7,5,1,3,3,3,3,7,7,7,10,10,10,1,3,3,3,3,6,6,8,8,8,11,169756,214685.0,24751,35110,155782,148302,23678,37169.0,158545,195927,25496,31432,26111.0,174321,30459,31291,36615,78324,33991,37459,169200,37412,1,23
160,9825,8466,1,2,4,6,8,4,6,3,5,7,5,1,2,4,6,8,3,5,7,3,5,7,1,3,3,3,3,6,6,8,8,8,11,1,3,3,3,3,7,7,7,10,10,10,30859,427438.0,177503,46539,38521,23688,75489,242094.0,36378,50047,46469,95336,160627.0,26552,209405,46010,279490,212470,166676,303339,23293,94267,2,2
161,8197,8650,1,2,4,6,8,2,4,6,8,4,6,1,2,4,6,8,4,6,3,5,7,5,1,3,3,3,3,7,7,7,7,10,10,1,3,3,3,3,6,6,8,8,8,11,37770,49571.0,23571,38899,43061,278343,319300,173317.0,139671,20694,286119,37868,157838.0,114268,94043,314605,95327,307021,38807,156008,37234,242709,2,2
162,9850,8586,1,2,4,6,8,4,6,3,5,7,5,1,2,4,6,8,4,6,3,5,7,5,1,3,3,3,3,6,6,8,8,8,11,1,3,3,3,3,6,6,8,8,8,11,127712,163815.0,178206,26209,25667,71502,40100,46354.0,32705,23538,38369,26295,159833.0,160599,264221,46353,361315,41008,212867,363333,157723,194165,2,2
163,8472,8456,1,2,4,6,8,5,2,4,6,8,5,1,2,4,6,8,2,4,6,8,4,6,1,3,3,3,3,6,8,8,8,8,11,1,3,3,3,3,7,7,7,7,10,10,37233,22964.0,93457,24150,180330,158879,42598,109330.0,25150,184822,30348,31432,26111.0,174321,30459,31291,33991,40196,36615,37459,643709,37412,2,2
164,9817,8455,1,2,4,6,8,3,5,7,5,4,6,1,2,4,6,8,4,6,5,7,3,5,1,3,3,3,3,6,6,6,8,10,10,1,3,3,3,3,6,6,8,8,8,11,30455,165773.0,40548,41927,35712,41365,22991,30966.0,37411,72436,101419,170323,31306.0,281207,30627,72541,32345,115067,30613,128864,94086,19243,2,3
165,8654,10252,1,2,4,6,8,3,5,7,5,7,3,1,2,4,6,8,3,5,7,3,5,7,1,3,3,3,3,7,7,7,10,10,10,1,3,3,3,3,7,7,7,10,10,10,169756,109897.0,24751,35110,155782,148302,23678,37169.0,195927,25496,158545,24579,24208.0,257847,33086,93484,183500,179410,261313,358289,154280,23264,2,2
166,9826,8678,1,2,4,6,8,4,6,3,5,7,5,1,2,4,6,8,5,2,4,6,8,5,1,3,3,3,3,6,6,8,8,8,11,1,3,3,3,3,6,8,8,8,8,11,36283,146830.0,23837,23030,183519,28901,8985,198510.0,35345,130670,24157,30974,160447.0,35515,156013,68237,23629,155913,46810,155129,24381,232253,2,2
167,10260,10194,1,2,4,6,8,4,6,3,5,7,5,1,2,4,6,8,4,6,3,5,7,5,1,3,3,3,3,6,6,8,8,8,11,1,3,3,3,3,6,6,8,8,8,11,182917,46820.0,165823,161012,693138,34944,39618,299215.0,41468,413557,30829,288880,34036.0,200962,173382,37194,26434,23253,33881,96643,110148,30830,2,2
168,8659,10003,1,2,4,6,8,3,5,7,3,5,7,1,2,4,6,8,4,6,3,5,7,5,1,3,3,3,3,7,7,7,10,10,10,1,3,3,3,3,6,6,8,8,8,11,24147,169162.0,32441,26527,43248,24148,156727,113968.0,33468,51545,175947,30973,89185.0,155050,24948,102356,23882,144996,46008,157729,38831,95955,2,2
169,8668,10261,1,2,4,6,8,4,6,3,5,7,5,1,2,4,6,8,4,6,3,5,7,5,1,3,3,3,3,6,6,8,8,8,11,1,3,3,3,3,6,6,8,8,8,11,186054,77690.0,23268,213878,193859,23782,101192,30895.0,215384,160713,181276,23979,104482.0,30929,277761,308932,94010,127130,94550,108038,166422,479020,2,3
170,10252,9850,1,2,4,6,8,2,4,6,8,5,5,1,2,4,6,8,4,6,3,5,7,5,1,3,3,3,3,7,7,7,7,9,11,1,3,3,3,3,6,6,8,8,8,11,24579,24208.0,257847,33086,93484,358289,182223,261313.0,183500,179410,23264,127712,24903.0,26209,231801,178206,24393,71502,46354,32705,35493,38369,2,6
171,8678,9825,1,2,4,6,8,5,2,4,6,8,5,1,2,4,6,8,4,6,3,5,7,5,1,3,3,3,3,6,8,8,8,8,11,1,3,3,3,3,6,6,8,8,8,11,30974,160447.0,35515,156013,68237,23629,155913,46810.0,155129,24381,232253,30859,427438.0,177503,46539,38521,23688,75489,196386,36378,50047,46469,2,7
172,8455,10260,1,2,4,6,8,4,6,3,5,7,5,1,2,4,6,8,4,6,3,5,7,5,1,3,3,3,3,6,6,8,8,8,11,1,3,3,3,3,6,6,8,8,8,11,170323,31306.0,281207,30627,72541,32345,115067,94086.0,30613,128864,19243,182917,46820.0,165823,161012,693138,39618,34944,299215,41468,413557,30829,2,7
173,8650,8472,1,2,4,6,8,4,6,3,5,7,5,1,2,4,6,8,5,2,4,6,8,5,1,3,3,3,3,6,6,8,8,8,11,1,3,3,3,3,6,8,8,8,8,11,37868,157838.0,114268,94043,314605,307021,47558,38807.0,156008,37234,242709,37233,22964.0,93457,24150,180330,158879,520230,25150,109330,166019,30348,2,6
174,8456,8197,1,2,4,6,8,4,6,3,5,7,5,1,2,4,6,8,2,4,6,8,4,6,1,3,3,3,3,6,6,8,8,8,11,1,3,3,3,3,7,7,7,7,10,10,31432,30509.0,174321,30459,16351,40196,78324,37459.0,36615,246575,37412,37770,49571.0,23571,38899,43061,278343,173317,319300,139671,20694,286119,2,6
175,10261,8659,1,2,4,6,8,4,6,3,5,7,5,1,2,4,6,8,4,6,3,5,7,5,1,3,3,3,3,6,6,8,8,8,11,1,3,3,3,3,6,6,8,8,8,11,23979,104482.0,24228,30929,570431,127130,38373,94550.0,108038,166422,351860,24147,163200.0,32441,26527,169162,113968,156727,25075,24148,175947,25666,2,6
176,8466,8654,1,3,5,7,2,4,6,8,3,5,7,1,2,4,6,8,4,6,3,5,7,5,1,3,3,3,7,7,7,7,10,10,10,1,3,3,3,3,6,6,8,8,8,11,95336,209405.0,26552,72665,160627,209384,166676,46010.0,303339,41280,23293,169756,109897.0,24751,35110,155782,23678,37169,158545,25496,106228,195927,2,6
177,10194,8668,1,2,4,6,8,4,6,3,5,7,5,1,2,4,6,8,4,6,3,5,7,5,1,3,3,3,3,6,6,8,8,8,11,1,3,3,3,3,6,6,8,8,8,11,288880,34036.0,200962,173382,37194,186831,23253,176300.0,26434,110148,72735,186054,77690.0,23268,213878,193859,101192,23782,30895,215384,160713,181276,2,6
178,10003,9826,1,2,4,6,8,4,6,3,5,7,5,1,2,4,6,8,4,6,3,5,7,5,1,3,3,3,3,6,6,8,8,8,11,1,3,3,3,3,6,6,8,8,8,11,30973,89185.0,155050,24948,102356,23882,46008,38831.0,157729,95955,109121,36283,146830.0,23837,23030,183519,149917,8985,198510,26160,130670,30960,2,6
179,8586,9817,1,2,4,6,8,4,6,3,5,7,5,1,2,4,6,8,1,3,5,7,9,5,1,3,3,3,3,6,6,8,8,8,11,1,3,3,3,3,7,7,7,7,7,11,26295,191869.0,160599,264221,276121,361315,41008,174850.0,157723,110189,194165,30455,213809.0,40548,114769,417068,25816,41365,22991,37631,37411,101419,2,6
180,9825,8197,1,2,4,6,8,4,6,3,5,7,5,1,2,4,6,8,2,4,6,8,4,6,1,3,3,3,3,6,6,8,8,8,11,1,3,3,3,3,7,7,7,7,10,10,30859,427438.0,35606,46539,38521,159594,75489,196386.0,36378,50047,46469,37770,49571.0,23571,38899,43061,278343,173317,319300,139671,20694,286119,2,14
181,10252,8650,1,2,4,6,8,3,5,7,4,6,5,1,2,4,6,8,2,4,6,8,4,6,1,3,3,3,3,6,6,6,8,8,11,1,3,3,3,3,7,7,7,7,10,10,24579,24208.0,257847,33086,93484,183500,182223,179410.0,358289,261313,23264,37868,157838.0,30831,94043,314605,38807,156008,307021,184536,51553,242709,2,14
182,8678,10194,1,2,4,6,8,5,2,4,6,8,5,1,2,4,6,8,4,6,3,5,7,5,1,3,3,3,3,6,8,8,8,8,11,1,3,3,3,3,6,6,8,8,8,11,30974,160447.0,35515,156013,68237,23629,160496,46810.0,155129,24381,232253,288880,34036.0,200962,173382,37194,23253,186831,176300,26434,33881,72735,2,13
183,8455,10261,1,2,4,6,8,4,6,3,5,7,5,1,2,4,6,8,4,6,3,5,7,5,1,3,3,3,3,6,6,8,8,8,11,1,3,3,3,3,6,6,8,8,8,11,170323,31306.0,23783,30627,72541,115067,30613,150250.0,94086,107417,19243,23979,104482.0,24228,30929,570431,38373,127130,94550,108038,166422,351860,2,13
184,9826,9817,1,2,4,6,8,2,4,6,8,4,6,1,2,4,6,8,3,5,7,3,5,7,1,3,3,3,3,7,7,7,7,10,10,1,3,3,3,3,7,7,7,10,10,10,36283,146830.0,23837,23030,183519,198510,8985,26160.0,149917,30960,169721,30455,213809.0,41927,40548,417068,41365,22991,30966,46120,101419,72436,2,13
185,8668,8659,1,2,4,6,8,4,6,3,5,7,5,1,2,4,6,8,2,4,6,8,4,6,1,3,3,3,3,6,6,8,8,8,11,1,3,3,3,3,7,7,7,7,10,10,186054,77690.0,213878,23268,193859,101192,23782,30895.0,215384,160713,181276,24147,163200.0,169162,26527,43248,33468,113968,24148,175947,51545,239807,2,13
186,8456,8586,1,2,4,6,8,4,6,3,5,7,5,1,2,4,6,8,4,6,3,5,7,5,1,3,3,3,3,6,6,8,8,8,11,1,3,3,3,3,6,6,8,8,8,11,31432,30509.0,174321,39027,31291,101103,40196,37459.0,36615,246575,37412,26295,159833.0,160599,264221,46353,361315,41008,212867,157723,363333,194165,2,14
187,9850,8654,1,2,4,6,8,2,4,6,8,5,5,1,2,4,6,8,3,5,7,3,5,7,1,3,3,3,3,7,7,7,7,9,11,1,3,3,3,3,7,7,7,10,10,10,40602,24903.0,178206,26209,231801,46354,24393,201664.0,35493,32705,31953,169756,,24751,49543,155782,37169,23678,163919,158545,195927,25496,2,13
188,8472,10260,1,2,4,6,8,3,5,7,5,4,6,1,2,4,6,8,4,6,3,5,7,5,1,3,3,3,3,6,6,6,8,10,10,1,3,3,3,3,6,6,8,8,8,11,37233,432040.0,93457,24150,180330,25150,158879,109330.0,166019,101969,30348,182917,46820.0,165823,161012,693138,46893,34944,299215,41468,413557,30829,2,13
189,10003,8466,1,2,4,6,8,4,6,3,5,7,5,1,3,5,7,2,4,6,8,5,4,6,1,3,3,3,3,6,6,8,8,8,11,1,3,3,3,7,7,7,7,9,11,11,30973,89185.0,155050,24948,102356,23882,46008,95955.0,157729,38831,109121,95336,209405.0,26552,46010,23792,209384,212470,538112,279490,23293,41280,2,13
190,8197,9850,1,2,4,6,8,2,4,6,8,4,6,1,2,4,6,8,2,4,6,8,5,5,1,3,3,3,3,7,7,7,7,10,10,1,3,3,3,3,7,7,7,7,9,11,37770,436036.0,23571,38899,43061,278343,173317,319300.0,139671,286119,20694,40602,163815.0,24903,178206,72417,201664,40100,46354,231801,32705,31953,2,27
191,8650,8668,1,2,4,6,8,4,6,3,5,7,5,1,4,6,8,2,4,6,3,5,7,5,1,3,3,3,3,6,6,8,8,8,11,1,3,3,3,3,6,6,8,8,8,11,37868,157838.0,114268,94043,314605,38807,95327,37234.0,242709,184536,426202,186054,263653.0,213878,24846,193859,101192,23782,26151,215384,30895,181276,4,20
192,10260,9825,1,2,4,6,8,4,6,3,5,7,5,1,2,4,6,8,4,6,3,5,7,5,1,3,3,3,3,6,6,8,8,8,11,1,3,3,3,3,6,6,8,8,8,11,182917,465614.0,34944,161012,161035,46893,164676,299215.0,41468,303824,696365,30859,427438.0,177503,46539,38521,159594,75489,113836,36378,50047,31013,2,28
193,10261,8456,1,2,4,6,8,2,4,6,8,5,5,1,2,4,6,8,4,6,3,5,7,5,1,3,3,3,3,7,7,7,7,9,11,1,3,3,3,3,6,6,8,8,8,11,163604,109652.0,277761,279489,308932,166422,38373,160243.0,94550,479020,46700,31432,30509.0,39027,156551,16351,36615,101103,33991,169200,78324,37412,4,19
194,8466,8455,1,1,3,5,7,9,3,5,7,4,6,1,2,4,6,8,4,6,3,5,7,5,1,3,3,3,3,3,7,7,7,10,10,1,3,3,3,3,6,6,8,8,8,11,95336,160627.0,209405,26552,46010,538112,212470,209384.0,23792,187266,23293,170323,72541.0,23783,31306,324910,32345,30613,107417,94086,150250,19243,2,27
195,10194,10252,1,2,4,6,8,4,6,3,5,7,5,1,2,4,6,8,2,4,6,8,5,5,1,3,3,3,3,6,6,8,8,8,11,1,3,3,3,3,7,7,7,7,9,11,288880,36786.0,200962,119541,37194,23253,186831,176300.0,26434,110148,33881,24579,32870.0,257847,33086,93484,183500,182223,179410,261313,358289,23264,2,27
196,8586,10003,1,2,4,6,8,5,2,4,6,8,5,1,2,4,6,8,3,5,7,5,4,6,1,3,3,3,3,6,8,8,8,8,11,1,3,3,3,3,6,6,6,8,10,10,26295,159833.0,160599,264221,46353,361315,212867,363333.0,157723,174850,194165,30973,89185.0,155050,24948,102356,46008,23882,144996,157729,95955,109121,2,28
197,9817,8678,1,2,4,6,8,2,4,6,8,4,6,1,2,4,6,8,2,4,6,8,5,5,1,3,3,3,3,7,7,7,7,10,10,1,3,3,3,3,7,7,7,7,9,11,30455,165773.0,40548,114769,417068,30966,22991,41365.0,46120,72436,101419,30974,160447.0,35515,156013,68237,155913,155129,23629,160496,185236,232253,2,27
198,8659,9826,1,2,4,6,8,4,6,3,5,7,5,1,2,4,6,8,4,6,3,5,7,5,1,3,3,3,3,6,6,8,8,8,11,1,3,3,3,3,6,6,8,8,8,11,24147,169162.0,32441,26527,23257,24148,113968,33468.0,239807,25075,51545,36283,154271.0,23837,23030,146830,22929,26160,198510,169721,149917,30960,2,27
199,8654,8472,1,2,4,6,8,3,5,7,3,5,7,1,2,4,6,8,5,4,6,3,5,7,1,3,3,3,3,7,7,7,10,10,10,1,3,3,3,3,6,8,8,10,10,10,169756,,24751,49543,155782,210276,37169,148302.0,158545,183670,25496,37233,432040.0,93457,24150,180330,158879,109330,25150,101969,30348,166019,2,27
200,9825,10003,1,2,4,6,8,4,6,3,5,7,5,1,2,4,6,8,1,3,5,7,9,5,1,3,3,3,3,6,6,8,8,8,11,1,3,3,3,3,7,7,7,7,7,11,30859,427438.0,35606,177503,38521,159594,75489,242094.0,36378,50047,46469,30973,111800.0,193223,24948,259810,38831,46008,109638,144996,95955,26344,3,2
201,10252,8668,1,1,3,5,7,9,3,5,7,4,6,1,2,4,6,8,4,6,3,5,7,5,1,3,3,3,3,3,7,7,7,10,10,1,3,3,3,3,6,6,8,8,8,11,69650,32870.0,24208,33086,161414,93484,183500,182223.0,179410,154280,23264,186054,77690.0,23268,213878,193859,101192,23782,30895,215384,26151,181276,3,1
202,8678,8466,1,2,4,6,8,2,4,6,5,8,5,1,3,5,7,2,4,6,8,5,4,6,1,3,3,3,3,7,7,7,9,7,11,1,3,3,3,7,7,7,7,9,11,11,30974,160447.0,35515,156013,68237,155913,155129,23629.0,185236,46349,232253,95336,209405.0,26552,72665,160627,279490,212470,46010,303339,23293,187266,3,1
203,8197,8659,1,2,4,6,8,2,4,6,8,4,6,1,2,4,6,8,2,4,6,8,4,6,1,3,3,3,3,7,7,7,7,10,10,1,3,3,3,3,7,7,7,7,10,10,37770,49571.0,38899,23571,43061,278343,173317,103419.0,139671,20694,286119,24147,169162.0,32441,26527,163200,33468,24148,113968,25075,51545,239807,3,1
204,9850,8455,1,1,3,5,7,9,2,4,6,8,5,1,2,4,6,8,4,6,3,5,7,5,1,3,3,3,3,3,7,7,7,7,11,1,3,3,3,3,6,6,8,8,8,11,40602,163815.0,72417,24903,178206,231801,201664,40100.0,46354,35493,31953,170323,72541.0,23783,31306,467354,30613,115067,303059,128864,107417,19243,3,1
205,8472,9826,1,2,4,6,8,5,2,4,6,8,5,1,2,4,6,8,3,5,7,3,5,7,1,3,3,3,3,6,8,8,8,8,11,1,3,3,3,3,7,7,7,10,10,10,37233,432040.0,93457,24150,180330,158879,101969,109330.0,109058,166019,30348,36283,154271.0,23837,23030,146830,26160,8985,149917,198510,169721,160194,3,1
206,8654,8586,1,4,6,8,2,3,5,7,3,5,7,1,2,4,6,8,4,6,3,5,7,5,1,3,3,3,3,7,7,7,10,10,10,1,3,3,3,3,6,6,8,8,8,11,169756,24751.0,49543,155782,158545,163919,148302,37169.0,210276,183670,25496,26295,191869.0,160599,264221,276121,361315,160448,174850,157723,110189,194165,3,2
207,8650,8456,1,2,4,6,8,4,6,3,5,7,5,1,2,4,6,8,4,6,3,5,7,5,1,3,3,3,3,6,6,8,8,8,11,1,3,3,3,3,6,6,8,8,8,11,37868,239856.0,30831,114268,157838,156008,307021,38807.0,242709,37234,426202,31432,30509.0,39027,174321,31291,101103,40196,33991,37459,246575,37412,3,2
208,10260,9817,1,2,4,6,8,4,6,3,5,7,5,1,2,4,6,8,2,4,6,8,4,6,1,3,3,3,3,6,6,8,8,8,11,1,3,3,3,3,7,7,7,7,10,10,182917,465614.0,639058,161012,161035,164676,46893,413557.0,41468,303824,696365,30455,213809.0,41927,114769,35712,25816,30966,22991,41365,72436,101419,3,2
209,10194,10261,1,2,4,6,8,4,6,3,5,7,5,1,2,4,6,8,4,6,3,5,7,5,1,3,3,3,3,6,6,8,8,8,11,1,3,3,3,3,6,6,8,8,8,11,288880,36786.0,119541,200962,37194,23253,186831,176300.0,26434,110148,33881,23979,104482.0,24228,279489,308932,127130,160243,94550,108038,31292,351860,3,2
210,8455,10194,1,2,4,6,8,4,6,3,5,7,5,1,2,4,6,8,4,6,3,5,7,5,1,3,3,3,3,6,6,8,8,8,11,1,3,3,3,3,6,6,8,8,8,11,170323,72541.0,23783,31306,324910,32345,115067,128864.0,94086,107417,303059,288880,119541.0,173382,200962,37194,23253,186831,176300,26434,110148,72735,3,5
211,9826,8650,1,2,4,6,8,4,6,3,5,7,5,1,2,4,6,8,4,6,3,5,7,5,1,3,3,3,3,6,6,8,8,8,11,1,3,3,3,3,6,6,8,8,8,11,119079,146830.0,23837,23030,183519,22929,8985,198510.0,26160,160194,30960,37868,239856.0,114268,94043,314605,156008,307021,38807,242709,37234,426202,3,6
212,8668,8654,1,3,5,7,2,4,6,8,3,5,7,1,2,4,6,8,3,5,7,3,5,7,1,3,3,3,7,7,7,7,10,10,10,1,3,3,3,3,7,7,7,10,10,10,186054,263653.0,23268,213878,193859,215384,101192,77690.0,30895,181276,26151,169756,575789.0,148302,49543,155782,37169,163919,210276,158545,183670,25496,3,5
213,8456,10252,1,2,4,6,8,2,4,6,8,4,6,1,3,5,7,1,3,5,7,9,4,6,1,3,3,3,3,7,7,7,7,10,10,1,3,3,3,7,7,7,7,7,10,10,31432,26111.0,39027,174321,31291,33991,40196,36615.0,37459,143365,37412,69650,24208.0,33086,161414,32870,179410,182223,261313,93484,23264,154280,3,5
214,10261,8678,1,2,4,6,8,4,6,3,5,7,5,1,2,4,6,8,2,4,6,8,4,6,1,3,3,3,3,6,6,8,8,8,11,1,3,3,3,3,7,7,7,7,10,10,23979,104482.0,279489,24228,308932,127130,160243,94550.0,479020,108038,161420,30974,160447.0,35515,156013,68237,155913,46810,23629,46349,185236,232253,3,5
215,8466,8472,1,2,4,6,8,4,6,3,5,7,5,1,2,4,6,8,5,2,4,6,8,5,1,3,3,3,3,6,6,8,8,8,11,1,3,3,3,3,6,8,8,8,8,11,95336,149855.0,26552,209405,46010,212470,209384,23792.0,303339,94267,41280,37233,432040.0,93457,26108,180330,158879,184822,109330,109058,166019,101969,3,5
216,10003,9850,1,2,4,6,8,4,6,3,5,7,5,1,2,4,6,8,2,4,6,8,5,5,1,3,3,3,3,6,6,8,8,8,11,1,3,3,3,3,7,7,7,7,9,11,30973,89185.0,155050,24948,102356,46008,23882,38831.0,157729,95955,109121,40602,163815.0,178206,24903,231801,201664,46354,24393,35493,32705,31953,3,5
217,8586,9825,1,2,4,6,8,4,6,3,5,7,5,1,2,4,6,8,4,6,3,5,7,5,1,3,3,3,3,6,6,8,8,8,11,1,3,3,3,3,6,6,8,8,8,11,26295,159833.0,160599,264221,46353,361315,41008,174850.0,363333,157723,194165,50065,427438.0,35606,177503,78513,159594,339992,75489,36378,50047,113836,3,5
218,9817,8197,1,2,4,6,8,2,4,6,8,4,6,1,2,4,6,8,2,4,6,8,4,6,1,3,3,3,3,7,7,7,7,10,10,1,3,3,3,3,7,7,7,7,10,10,30455,213809.0,41927,417068,35712,46120,37631,22991.0,41365,101419,72436,37770,49571.0,23571,38899,43061,278343,173317,319300,139671,20694,286119,3,5
219,8659,10260,1,2,4,6,8,2,4,6,8,4,6,1,2,4,6,8,4,6,3,5,7,5,1,3,3,3,3,7,7,7,7,10,10,1,3,3,3,3,6,6,8,8,8,11,24147,169162.0,32441,26527,163200,33468,113968,24148.0,25075,51545,239807,182917,46820.0,165823,161012,161035,164676,34944,299215,41468,413557,696365,3,6
220,9825,8650,1,2,4,6,8,4,6,3,5,7,5,1,2,4,6,8,4,6,3,5,7,5,1,3,3,3,3,6,6,8,8,8,11,1,3,3,3,3,6,6,8,8,8,11,30859,427438.0,425255,177503,38521,159594,37436,75489.0,36378,50047,46469,37868,157838.0,22764,114268,568571,307021,95327,38807,184536,242709,148315,8,24
221,9826,10252,1,2,4,6,8,4,6,3,5,7,5,1,2,4,6,8,3,5,7,3,5,7,1,3,3,3,3,6,6,8,8,8,11,1,3,3,3,3,7,7,7,10,10,10,119079,146830.0,23837,23030,183519,28901,26160,35345.0,46417,198510,35523,69650,183500.0,24208,161414,473853,56972,182223,179410,23264,107415,312765,8,22
222,8668,8456,1,2,4,6,8,4,6,3,5,7,5,1,2,4,6,8,4,6,3,5,7,5,1,3,3,3,3,6,6,8,8,8,11,1,3,3,3,3,6,6,8,8,8,11,31465,77690.0,263653,23268,316688,101192,23782,30922.0,215384,160713,181276,31432,26111.0,39027,156551,16351,36615,40196,33991,37459,246575,37412,8,23
223,8197,8586,1,2,4,6,8,2,4,6,8,4,6,1,2,4,6,8,4,6,3,5,7,5,1,3,3,3,3,7,7,7,7,10,10,1,3,3,3,3,6,6,8,8,8,11,37770,67850.0,38899,23571,214570,278343,173317,103419.0,139671,20694,286119,26295,159833.0,160599,37762,276121,160448,361315,41008,174850,110189,194165,8,22
224,10260,10261,1,2,4,6,8,4,6,3,5,7,5,1,2,4,6,8,4,6,3,5,7,5,1,3,3,3,3,6,6,8,8,8,11,1,3,3,3,3,6,6,8,8,8,11,109060,46820.0,165823,161012,362694,46893,30872,41468.0,449241,303824,30829,24229,277761.0,24228,30929,240236,109652,160243,479020,108038,39968,351860,8,22
225,9850,10194,1,2,4,6,8,2,4,6,8,5,5,1,2,4,6,8,4,6,3,5,7,5,1,3,3,3,3,7,7,7,7,9,11,1,3,3,3,3,6,6,8,8,8,11,40602,32616.0,24903,26209,231801,201664,46354,40100.0,32734,35493,31953,288880,34036.0,119541,173382,37194,199291,23253,176300,26434,110148,72735,8,22
226,8472,10003,1,2,4,6,8,4,6,3,5,7,5,1,2,4,6,8,4,6,3,5,7,5,1,3,3,3,3,6,6,8,8,8,11,1,3,3,3,3,6,6,8,8,8,11,103428,22964.0,165526,24150,180330,109058,25150,38759.0,109330,42598,30348,30973,111800.0,155050,24948,102356,127130,46008,95955,157729,52563,26344,8,22
227,9817,8466,1,2,4,6,8,4,6,3,5,7,5,1,3,5,7,2,4,6,8,5,4,6,1,3,3,3,3,6,6,8,8,8,11,1,3,3,3,7,7,7,7,9,11,11,30455,213809.0,41927,40548,35712,30966,41365,24915.0,101419,37411,72436,30841,72665.0,26552,176889,160627,166676,212470,538112,23792,303339,41280,8,23
228,8659,8455,1,2,4,6,8,5,2,4,6,8,5,1,2,4,6,8,4,6,3,5,7,5,1,3,3,3,3,6,8,8,8,8,11,1,3,3,3,3,6,6,8,8,8,11,23021,169162.0,26527,32441,23257,113968,172841,24148.0,24171,175947,51545,170323,31306.0,281207,30627,72541,115067,30613,150250,94086,107417,19243,8,23
229,8654,8678,1,2,4,6,8,3,5,7,4,6,5,1,2,4,6,8,2,4,6,8,4,6,1,3,3,3,3,6,6,6,8,8,11,1,3,3,3,3,7,7,7,7,10,10,37780,214685.0,35110,49543,155782,37169,163919,148302.0,25496,23933,192899,30974,35515.0,24625,156013,68237,155913,192780,23629,46349,185236,184321,8,22
230,9825,8659,1,2,4,6,8,4,6,3,5,7,5,1,2,4,6,8,4,6,3,5,7,5,1,3,3,3,3,6,6,8,8,8,11,1,3,3,3,3,6,6,8,8,8,11,30859,427438.0,35606,46539,38521,339992,75489,50047.0,36378,604785,46469,24147,169162.0,32441,43248,163200,156727,113968,33468,24148,175947,239807,4,21
231,10252,8586,1,2,4,6,8,4,6,3,5,7,5,1,2,4,6,8,4,6,3,5,7,5,1,3,3,3,3,6,6,8,8,8,11,1,3,3,3,3,6,6,8,8,8,11,69650,32870.0,257847,33086,93484,182223,179410,261313.0,358289,154280,107415,26295,159833.0,160599,264221,46353,361315,41008,174850,363333,157723,194165,3,13
232,8678,10003,1,2,4,6,8,2,4,6,8,5,5,1,2,4,6,8,4,6,3,5,7,5,1,3,3,3,3,7,7,7,7,9,11,1,3,3,3,3,6,6,8,8,8,11,30974,160447.0,35515,156013,68237,155913,46810,23629.0,46349,185236,232253,30973,89185.0,155050,24948,102356,46008,109638,313668,157729,38831,109121,3,12
233,8197,10261,1,2,4,6,8,2,4,6,8,4,6,1,2,4,6,8,4,6,3,5,7,5,1,3,3,3,3,7,7,7,7,10,10,1,3,3,3,3,6,6,8,8,8,11,37770,49571.0,23571,38899,43061,278343,319300,173317.0,139671,20694,286119,23979,104482.0,24228,279489,160243,109652,127130,479020,108038,94550,351860,3,14
234,8650,8455,1,2,4,6,8,4,6,3,5,7,5,1,2,4,6,8,4,6,3,5,7,5,1,3,3,3,3,6,6,8,8,8,11,1,3,3,3,3,6,6,8,8,8,11,37868,157838.0,114268,30831,314605,38807,307021,37234.0,242709,184536,51553,46518,72541.0,23783,32345,324910,30613,115067,94086,107417,150250,303059,5,11
235,10260,9826,1,2,4,6,8,5,2,4,6,8,5,1,2,4,6,8,4,6,3,5,7,5,1,3,3,3,3,6,8,8,8,8,11,1,3,3,3,3,6,6,8,8,8,11,182917,35327.0,165823,161012,46820,46893,41468,30829.0,299215,413557,696365,22998,154271.0,23358,23030,183519,26160,8985,198510,130670,46417,30960,4,20
236,9850,8456,1,2,4,6,8,2,4,6,8,5,5,1,2,4,6,8,2,4,6,8,4,6,1,3,3,3,3,7,7,7,7,9,11,1,3,3,3,3,7,7,7,7,10,10,40602,24903.0,72417,178206,25667,201664,24393,46354.0,23538,35493,302241,31432,26111.0,39027,174321,31291,33991,40196,101103,37459,143365,37412,3,12
237,10194,8466,1,2,4,6,8,4,6,3,5,7,5,1,2,4,6,8,4,6,3,5,7,5,1,3,3,3,3,6,6,8,8,8,11,1,3,3,3,3,6,6,8,8,8,11,288880,119541.0,40695,200962,37194,23253,186831,176300.0,26434,110148,72735,95336,149855.0,209405,46010,538112,212470,209384,23293,23792,94267,41280,3,12
238,8472,8668,1,2,4,6,8,5,2,4,6,8,5,1,2,4,6,8,4,6,3,5,7,5,1,3,3,3,3,6,8,8,8,8,11,1,3,3,3,3,6,6,8,8,8,11,37233,432040.0,93457,26108,180330,158879,184822,25150.0,109330,166019,30348,186054,516273.0,263653,213878,24846,101192,23782,26151,215384,160713,181276,5,11
239,8654,9817,1,2,4,6,8,2,4,6,8,4,6,1,2,4,6,8,2,4,6,8,5,5,1,3,3,3,3,7,7,7,7,10,10,1,3,3,3,3,7,7,7,7,9,11,169756,158545.0,35110,49543,155782,210276,37169,148302.0,25496,192899,47382,30455,165773.0,41927,40548,35712,131409,30966,37631,25816,37411,46120,4,20
240,8455,8654,1,2,4,6,8,4,6,3,5,7,5,1,2,4,6,8,4,6,3,5,7,5,1,3,3,3,3,6,6,8,8,8,11,1,3,3,3,3,6,6,8,8,8,11,170323,31306.0,23783,30627,72541,32345,30613,94086.0,128864,467354,39987,169756,158545.0,35110,49543,155782,37169,148302,195927,210276,25496,192899,3,19
241,9826,8197,1,2,4,6,8,2,4,6,8,5,5,1,2,4,6,8,2,4,6,8,4,6,1,3,3,3,3,7,7,7,7,9,11,1,3,3,3,3,7,7,7,7,10,10,36283,146830.0,23837,23030,183519,198510,8985,26160.0,22929,160194,30960,37770,49571.0,23571,38899,43061,278343,319300,173317,139671,20694,286119,3,19
242,8668,9825,1,2,4,6,8,4,6,3,5,7,5,1,2,4,6,8,4,6,3,5,7,5,1,3,3,3,3,6,6,8,8,8,11,1,3,3,3,3,6,6,8,8,8,11,186054,77690.0,23268,213878,24846,212866,101192,30895.0,215384,160713,181276,50065,427438.0,177503,46539,38521,159594,339992,50047,36378,604785,113836,3,19
243,8456,10260,1,2,4,6,8,4,6,3,5,7,5,1,2,4,6,8,4,6,3,5,7,5,1,3,3,3,3,6,6,8,8,8,11,1,3,3,3,3,6,6,8,8,8,11,31432,26111.0,30459,156551,31291,36615,40196,33991.0,37459,246575,37412,182917,46820.0,165823,161012,161035,34944,46893,299215,41468,413557,696365,3,20
244,10261,8472,1,2,4,6,8,2,4,6,8,4,6,1,2,4,6,8,5,2,4,6,8,5,1,3,3,3,3,7,7,7,7,10,10,1,3,3,3,3,6,8,8,8,8,11,23979,104482.0,277761,279489,160243,166422,127130,94550.0,108038,479020,351860,37233,432040.0,93457,26108,180330,158879,184822,109330,109058,166019,30348,3,20
245,8466,8650,1,2,4,6,8,2,4,6,8,4,6,1,2,4,6,8,2,4,6,8,4,6,1,3,3,3,3,7,7,7,7,10,10,1,3,3,3,3,7,7,7,7,10,10,95336,149855.0,209405,26552,46010,23792,212470,209384.0,94267,23293,41280,37868,239856.0,114268,94043,157838,37234,47558,307021,184536,51553,426202,3,20
246,10003,10252,1,2,4,6,8,4,6,3,5,7,5,1,2,4,6,8,4,6,3,5,7,5,1,3,3,3,3,6,6,8,8,8,11,1,3,3,3,3,6,6,8,8,8,11,30973,89185.0,155050,24948,259810,46008,144996,313668.0,109638,157729,26344,69650,32870.0,33086,161414,93484,182223,179410,358289,261313,154280,107415,3,19
247,8586,8678,1,2,4,6,8,4,6,3,5,7,5,1,2,4,6,8,2,4,6,8,4,6,1,3,3,3,3,6,6,8,8,8,11,1,3,3,3,3,7,7,7,7,10,10,26295,159833.0,160599,264221,46353,361315,41008,174850.0,363333,157723,194165,30974,160447.0,35515,156013,68237,155913,23629,155129,46349,185236,232253,3,20
248,9817,10194,1,2,4,6,8,2,4,6,8,4,6,1,2,4,6,8,4,6,3,5,7,5,1,3,3,3,3,7,7,7,7,10,10,1,3,3,3,3,6,6,8,8,8,11,30455,213809.0,40548,114769,417068,37411,30966,37631.0,41365,101419,72436,288880,36786.0,119541,200962,173382,23253,186831,33881,26434,110148,172321,3,19
249,8659,9850,1,2,4,6,8,4,6,3,5,7,5,1,2,4,6,8,2,4,6,8,4,6,1,3,3,3,3,6,6,8,8,8,11,1,3,3,3,3,7,7,7,7,10,10,24147,169162.0,32441,26527,43248,113968,24148,33468.0,239807,25075,51545,40602,24903.0,26209,178206,25667,231801,24393,46354,23538,38369,302241,3,19
250,9825,9817,1,2,4,6,8,4,6,3,5,7,5,1,2,4,6,8,2,4,6,8,4,6,1,3,3,3,3,6,6,8,8,8,11,1,3,3,3,3,7,7,7,7,10,10,50065,427438.0,177503,46539,38521,159594,339992,50047.0,36378,604785,113836,30455,213809.0,41927,40548,417068,25816,22991,37631,41365,72436,101419,4,2
251,10252,8455,1,2,4,6,8,3,5,7,3,5,7,1,2,4,8,6,4,6,3,5,7,5,1,3,3,3,3,7,7,7,10,10,10,1,3,3,3,3,6,6,8,8,8,11,69650,32870.0,24208,33086,93484,56972,182223,179410.0,358289,107415,154280,170323,72541.0,458324,324910,31306,32345,30613,150250,604982,467354,39987,4,2
252,8678,8456,1,2,4,6,8,2,4,6,8,4,6,1,2,4,6,8,4,6,3,5,7,5,1,3,3,3,3,7,7,7,7,10,10,1,3,3,3,3,6,6,8,8,8,11,30974,160447.0,35515,156013,68237,155913,192780,23629.0,46349,37779,185236,28955,30509.0,174321,156551,31291,101103,40196,33991,169200,37459,37412,4,2
253,8197,8466,1,2,4,6,8,2,4,6,8,4,6,1,2,4,6,8,4,6,3,5,7,5,1,3,3,3,3,7,7,7,7,10,10,1,3,3,3,3,6,6,8,8,8,11,37770,49571.0,23571,38899,43061,278343,173317,319300.0,139671,286119,20694,95336,160627.0,209405,26552,46010,209384,166676,23792,303339,538112,41280,4,3
254,8650,8586,1,2,4,6,8,4,6,3,5,7,5,1,2,4,6,8,4,6,3,5,7,5,1,3,3,3,3,6,6,8,8,8,11,1,3,3,3,3,6,6,8,8,8,11,37868,157838.0,114268,94043,314605,156008,307021,38807.0,37234,184536,51553,26295,159833.0,160599,264221,46353,361315,41008,212867,363333,157723,194165,4,2
255,10260,8668,1,2,4,6,8,4,6,3,5,7,5,1,2,4,6,8,4,6,3,5,7,5,1,3,3,3,3,6,6,8,8,8,11,1,3,3,3,3,6,6,8,8,8,11,182917,46820.0,165823,161012,161035,34944,46893,299215.0,41468,413557,696365,186054,77690.0,263653,23268,24846,101192,160713,251925,215384,30895,181276,4,3
256,9850,10261,1,2,4,6,8,2,4,6,8,5,5,1,2,4,6,8,2,4,6,8,5,5,1,3,3,3,3,7,7,7,7,9,11,1,3,3,3,3,7,7,7,7,9,11,40602,265918.0,72417,178206,25667,23538,24393,46354.0,231801,32705,38369,163604,104482.0,277761,24228,109652,166422,38373,127130,94550,108038,46700,4,2
257,10194,10003,1,2,4,6,8,4,6,3,5,7,5,1,2,4,6,8,3,5,7,5,4,6,1,3,3,3,3,6,6,8,8,8,11,1,3,3,3,3,6,6,6,8,10,10,188971,36786.0,119541,200962,37194,23253,186831,26434.0,96643,110148,172321,30973,89185.0,155050,24948,111800,46008,23882,109638,157729,38831,26344,4,2
258,8472,8659,1,2,4,6,8,5,2,4,6,8,5,1,2,4,6,8,3,5,7,4,6,5,1,3,3,3,3,6,8,8,8,8,11,1,3,3,3,3,6,6,6,8,8,11,37233,432040.0,93457,26108,180330,158879,184822,109330.0,25150,166019,30348,24147,169162.0,32441,163200,43248,113968,156727,24148,25075,239807,51545,4,2
259,8654,9826,1,2,4,6,8,4,6,3,5,7,5,1,2,4,6,8,4,6,3,5,7,5,1,3,3,3,3,6,6,8,8,8,11,1,3,3,3,3,6,6,8,8,8,11,169756,158545.0,35110,49543,155782,37169,148302,183670.0,210276,25496,192899,36283,146830.0,23030,23837,183519,22929,8985,198510,35345,46417,160194,4,2
260,10252,8678,1,2,4,6,8,2,4,6,8,4,6,1,2,4,6,8,2,4,6,8,4,6,1,3,3,3,3,7,7,7,7,10,10,1,3,3,3,3,7,7,7,7,10,10,69650,183500.0,33086,161414,93484,706985,182223,179410.0,30352,23991,154280,30974,35515.0,24625,156013,68237,155913,46810,23629,46349,185236,37779,4,9
261,9826,9850,1,2,4,6,8,4,6,3,5,7,5,1,2,4,6,8,2,4,6,8,5,5,1,3,3,3,3,6,6,8,8,8,11,1,3,3,3,3,7,7,7,7,9,11,36283,146830.0,23837,23030,183519,26160,8985,46417.0,35345,160194,363340,40602,265918.0,72417,178206,25667,23538,24393,46354,231801,32705,38369,4,9
262,8650,10194,1,2,4,6,8,5,4,6,3,5,7,1,2,4,6,8,4,6,3,5,7,5,1,3,3,3,3,6,8,8,10,10,10,1,3,3,3,3,6,6,8,8,8,11,37868,157838.0,22764,30831,314605,289817,38807,47558.0,608125,51553,242709,188971,36786.0,40695,200962,37194,119541,186831,176300,96643,26434,30830,4,10
263,8456,8659,1,2,4,6,8,2,4,6,8,4,6,1,2,4,6,8,2,4,6,8,4,6,1,3,3,3,3,7,7,7,7,10,10,1,3,3,3,3,7,7,7,7,10,10,31432,30509.0,156551,174321,16351,33991,78324,101103.0,26181,143365,37412,24147,169162.0,43248,32441,163200,33468,24148,156727,175947,239807,51545,4,9
264,8466,10261,1,2,4,6,8,4,6,3,5,7,5,1,2,4,6,8,4,6,3,5,7,5,1,3,3,3,3,6,6,8,8,8,11,1,3,3,3,3,6,6,8,8,8,11,95336,149855.0,209405,26552,46010,209384,166676,23293.0,303339,94267,41280,163604,104482.0,24228,277761,109652,127130,94550,166422,479020,108038,351860,4,9
265,8472,8197,1,2,4,6,8,5,2,4,6,8,5,1,2,4,6,8,2,4,6,8,4,6,1,3,3,3,3,6,8,8,8,8,11,1,3,3,3,3,7,7,7,7,10,10,37233,432040.0,93457,26108,180330,158879,184822,25150.0,109330,166019,30348,37770,49571.0,23571,38899,43061,278343,173317,319300,139671,20694,286119,4,10
266,10003,8455,1,2,4,6,8,4,6,3,5,7,5,1,2,4,6,8,4,6,3,5,7,5,1,3,3,3,3,6,6,8,8,8,11,1,3,3,3,3,6,6,8,8,8,11,30973,89185.0,155050,24948,102356,46008,109638,95955.0,157729,52563,109121,46518,72541.0,31306,458324,324910,30613,32345,128864,604982,150250,46554,4,9
267,8586,10260,1,2,4,6,8,4,6,3,5,7,5,1,2,4,6,8,5,2,4,6,8,5,1,3,3,3,3,6,6,8,8,8,11,1,3,3,3,3,6,8,8,8,8,11,26295,159833.0,160599,37762,46353,361315,41008,174850.0,363333,157723,194165,182917,639058.0,165823,161012,161035,34944,41468,299215,46893,413557,696365,4,10
268,9817,8668,1,2,4,6,8,2,4,6,8,4,6,1,2,4,6,8,4,6,3,5,7,5,1,3,3,3,3,7,7,7,7,10,10,1,3,3,3,3,6,6,8,8,8,11,30455,165773.0,40548,114769,35712,37411,30966,22991.0,41365,72436,101419,186054,77690.0,263653,23268,24846,101192,23782,30895,215384,251925,181276,4,9
269,8654,9825,1,2,4,6,8,4,6,3,5,7,5,1,2,4,6,8,4,6,3,5,7,5,1,3,3,3,3,6,6,8,8,8,11,1,3,3,3,3,6,6,8,8,8,11,169756,109897.0,35110,49543,155782,148302,37169,158545.0,25496,210276,47382,50065,427438.0,177503,46539,38521,339992,159594,50047,36378,604785,113836,4,9
270,9825,9826,1,2,4,6,8,4,6,3,5,7,5,1,2,4,6,8,3,5,7,3,5,7,1,3,3,3,3,6,6,8,8,8,11,1,3,3,3,3,7,7,7,10,10,10,30859,427438.0,177503,46539,38521,339992,159594,604785.0,36378,50047,113836,36283,146830.0,23837,23030,183519,22929,8985,26160,160194,169721,35345,4,17
271,8678,8650,1,2,4,6,8,2,4,6,8,4,6,1,2,4,6,8,2,4,5,6,8,5,1,3,3,3,3,7,7,7,7,10,10,1,3,3,3,3,7,7,9,7,7,11,30974,35515.0,24625,156013,68237,155913,46810,23629.0,160496,185236,46349,254472,611682.0,30831,95327,515338,608125,289817,242709,47558,280653,51553,4,17
272,8455,8456,1,2,4,6,8,4,6,3,5,7,5,1,2,4,6,8,4,6,3,5,7,5,1,3,3,3,3,6,6,8,8,8,11,1,3,3,3,3,6,6,8,8,8,11,170323,72541.0,31306,23783,324910,30613,32345,94086.0,604982,150250,19243,31432,30509.0,156551,174321,16351,36615,40196,33991,26181,169200,37412,4,16
273,8668,8466,1,2,4,6,8,3,5,7,3,5,7,1,2,4,6,8,4,6,3,5,7,5,1,3,3,3,3,7,7,7,10,10,10,1,3,3,3,3,6,6,8,8,8,11,186054,77690.0,263653,213878,193859,212866,24156,24006.0,251925,30922,26151,95336,149855.0,209405,26552,46010,166676,209384,303339,23293,94267,41280,4,16
274,8197,8654,1,2,4,6,8,2,4,6,8,4,6,1,2,4,6,8,3,5,7,3,5,7,1,3,3,3,3,7,7,7,7,10,10,1,3,3,3,3,7,7,7,10,10,10,37770,49571.0,23571,38899,43061,278343,173317,319300.0,139671,20694,286119,169756,158545.0,35110,49543,155782,148302,163919,37169,106228,183670,25496,4,17
275,10260,10252,1,2,4,6,8,4,6,3,5,7,5,1,2,4,6,8,4,6,3,5,7,5,1,3,3,3,3,6,6,8,8,8,11,1,3,3,3,3,6,6,8,8,8,11,182917,35327.0,165823,161012,161035,39618,46893,41468.0,30829,303824,696365,69650,32870.0,161414,33086,93484,182223,179410,183500,23991,30352,154280,4,16
276,10261,10003,1,2,4,6,8,4,6,3,5,7,5,1,2,4,6,8,4,6,3,5,7,5,1,3,3,3,3,6,6,8,8,8,11,1,3,3,3,3,6,6,8,8,8,11,163604,109652.0,279489,277761,308932,38373,160243,166422.0,108038,94550,46700,30973,89185.0,155050,24948,102356,109638,46008,52563,157729,95955,109121,4,16
277,9850,8472,1,2,4,6,8,2,4,6,8,5,5,1,2,4,6,8,5,2,4,6,8,5,1,3,3,3,3,7,7,7,7,9,11,1,3,3,3,3,6,8,8,8,8,11,40602,265918.0,72417,26209,25667,23538,24393,46354.0,231801,32705,38369,37233,432040.0,93457,26108,180330,158879,184822,25150,109330,166019,30348,4,16
278,10194,8586,1,2,4,6,8,4,6,3,5,7,5,1,2,4,6,8,4,6,3,5,7,5,1,3,3,3,3,6,6,8,8,8,11,1,3,3,3,3,6,6,8,8,8,11,24224,119541.0,40695,200962,173382,23253,186831,176300.0,26434,110148,96643,26295,159833.0,160599,37762,46353,361315,41008,174850,363333,157723,194165,4,18
279,8659,9817,1,2,4,6,8,4,6,3,5,7,5,1,2,4,6,8,2,4,6,8,4,6,1,3,3,3,3,6,6,8,8,8,11,1,3,3,3,3,7,7,7,7,10,10,24147,169162.0,32441,43248,163200,33468,24148,113968.0,239807,175947,51545,30455,213809.0,114769,41927,417068,131409,41365,22991,37411,101419,72436,4,16
280,10252,8466,1,2,4,6,8,4,6,3,5,7,5,1,2,4,6,8,4,6,3,5,7,5,1,3,3,3,3,6,6,8,8,8,11,1,3,3,3,3,6,6,8,8,8,11,69650,32870.0,24208,33086,93484,182223,56972,183500.0,179410,23991,154280,95336,160627.0,26552,209405,46010,212470,166676,94267,23792,109491,23293,4,23
281,8678,8455,1,2,4,6,8,2,4,6,8,5,5,1,2,4,6,8,4,6,3,5,7,5,1,3,3,3,3,7,7,7,7,9,11,1,3,3,3,3,6,6,8,8,8,11,30974,35515.0,24625,156013,68237,160496,46810,23629.0,24381,37779,185236,46518,72541.0,31306,32345,324910,115067,30613,150250,94086,107417,19243,4,23
282,9826,8668,1,2,4,6,8,4,6,3,5,7,5,1,2,4,6,8,4,6,3,5,7,5,1,3,3,3,3,6,6,8,8,8,11,1,3,3,3,3,6,6,8,8,8,11,36283,146830.0,23837,23030,183519,26160,8985,198510.0,35345,160194,363340,186054,77690.0,263653,213878,24846,101192,23782,30895,215384,30922,181276,4,13
283,8197,10003,1,2,4,6,8,2,4,6,8,4,6,1,2,4,6,8,3,5,7,3,5,7,1,3,3,3,3,7,7,7,7,10,10,1,3,3,3,3,7,7,7,10,10,10,37770,49571.0,23571,38899,43061,278343,319300,173317.0,214570,26554,20694,30973,89185.0,155050,24948,102356,23882,46008,109638,157729,95955,38831,4,24
284,8650,10261,1,2,4,6,8,4,6,3,5,7,5,1,2,4,6,8,4,6,3,5,7,5,1,3,3,3,3,6,6,8,8,8,11,1,3,3,3,3,6,6,8,8,8,11,37868,611682.0,30831,114268,314605,289817,47558,38807.0,242709,37234,51553,163604,109652.0,277761,279489,308932,38373,160243,166422,94550,479020,46700,4,23
285,8456,10194,1,2,4,6,8,2,4,6,8,4,6,1,2,4,6,8,4,6,3,5,7,5,1,3,3,3,3,7,7,7,7,10,10,1,3,3,3,3,6,6,8,8,8,11,31432,30509.0,174321,156551,16351,33991,101103,36615.0,37459,643709,37412,24224,36786.0,40695,200962,173382,119541,23253,72735,186831,110148,172321,4,23
286,9850,9817,1,2,4,6,8,4,6,3,5,7,5,1,2,4,6,8,2,4,6,8,4,6,1,3,3,3,3,6,6,8,8,8,11,1,3,3,3,3,7,7,7,7,10,10,40602,163815.0,24903,72417,25667,24393,32734,201664.0,35493,32705,38369,30455,213809.0,40548,114769,24915,25816,22991,37631,37411,101419,72436,5,11
287,8472,9825,1,2,4,6,8,5,2,4,6,8,5,1,2,4,6,8,4,6,3,5,7,5,1,3,3,3,3,6,8,8,8,8,11,1,3,3,3,3,6,6,8,8,8,11,37233,432040.0,93457,26108,180330,158879,184822,25150.0,109330,166019,30348,30859,427438.0,35606,46539,38521,339992,75489,50047,36378,604785,46469,4,24
288,8586,8659,1,2,4,6,8,4,6,3,5,7,5,1,2,4,6,8,4,6,3,5,7,5,1,3,3,3,3,6,6,8,8,8,11,1,3,3,3,3,6,6,8,8,8,11,26295,159833.0,160599,37762,46353,361315,41008,174850.0,363333,157723,194165,23021,169162.0,32441,26527,43248,113968,24148,33468,25075,175947,51545,4,25
289,8654,10260,1,2,4,6,8,2,4,6,8,4,6,1,2,4,6,8,5,2,4,6,8,5,1,3,3,3,3,7,7,7,7,10,10,1,3,3,3,3,6,8,8,8,8,11,37780,158545.0,35110,49543,155782,210276,148302,37169.0,25496,192899,47382,182917,35327.0,165823,161012,161035,46893,41468,164676,30829,413557,696365,5,10
290,9825,9850,1,2,4,6,8,4,6,3,5,7,5,1,2,4,6,8,2,4,6,8,5,5,1,3,3,3,3,6,6,8,8,8,11,1,3,3,3,3,7,7,7,7,9,11,30859,427438.0,35606,46539,38521,339992,75489,50047.0,36378,604785,46469,40602,163815.0,24903,26209,25667,201664,24393,46354,231801,35493,31953,4,30
291,8455,8586,1,2,4,6,8,4,6,3,5,7,5,1,2,4,6,8,4,6,3,5,7,5,1,3,3,3,3,6,6,8,8,8,11,1,3,3,3,3,6,6,8,8,8,11,46518,31306.0,23783,30627,72541,32345,115067,94086.0,30613,150250,19243,26295,159833.0,160599,37762,46353,361315,41008,174850,157723,212867,194165,5,2
292,8668,8678,1,2,4,6,8,4,6,3,5,7,5,1,2,4,6,8,2,4,6,8,4,6,1,3,3,3,3,6,6,8,8,8,11,1,3,3,3,3,7,7,7,7,10,10,31465,212866.0,263653,516273,24846,101192,24156,30895.0,215384,160713,306913,30974,35515.0,24625,156013,68237,155913,23629,155129,24381,185236,184321,4,30
293,10260,8197,1,2,4,6,8,4,6,3,5,7,5,1,2,4,6,8,2,4,6,8,4,6,1,3,3,3,3,6,6,8,8,8,11,1,3,3,3,3,7,7,7,7,10,10,182917,35327.0,165823,161012,161035,34944,39618,299215.0,30829,413557,696365,37770,49571.0,23571,38899,43061,278343,173317,319300,214570,26554,20694,5,1
294,10261,9826,1,2,4,6,8,4,6,3,5,7,5,1,2,4,6,8,4,6,3,5,7,5,1,3,3,3,3,6,6,8,8,8,11,1,3,3,3,3,6,6,8,8,8,11,163604,109652.0,277761,279489,308932,38373,160243,166422.0,94550,108038,46700,36283,146830.0,23837,23030,183519,8985,28901,160194,26160,35345,169721,4,30
295,8466,8456,1,2,4,6,8,4,6,3,5,7,5,1,2,4,6,8,4,6,3,5,7,5,1,3,3,3,3,6,6,8,8,8,11,1,3,3,3,3,6,6,8,8,8,11,95336,149855.0,26552,209405,46010,209384,166676,94267.0,23792,303339,23293,31432,30509.0,174321,156551,16351,40196,78324,26181,643709,246575,143365,5,1
296,10194,8472,1,2,4,6,8,4,6,3,5,7,5,1,2,4,6,8,5,2,4,6,8,5,1,3,3,3,3,6,6,8,8,8,11,1,3,3,3,3,6,8,8,8,8,11,188971,36786.0,119541,40695,37194,23253,186831,176300.0,39109,110148,30830,37233,432040.0,93457,26108,180330,158879,184822,25150,109330,166019,30348,4,30
297,10003,8650,1,2,4,6,8,4,6,3,5,7,5,1,2,4,6,8,2,4,6,8,5,5,1,3,3,3,3,6,6,8,8,8,11,1,3,3,3,3,7,7,7,7,9,11,30973,89185.0,193223,24948,102356,23882,46008,38831.0,157729,52563,95955,254472,157838.0,114268,22764,515338,608125,680031,289817,280653,184536,51553,5,1
298,9817,10252,1,2,4,6,8,2,4,6,8,4,6,1,3,5,7,1,3,5,7,9,4,6,1,3,3,3,3,7,7,7,7,10,10,1,3,3,3,7,7,7,7,7,10,10,30455,165773.0,114769,40548,24915,25816,37631,22991.0,37411,101419,72436,24579,161414.0,33086,680815,32870,183500,182223,179410,93484,107415,154280,4,30
299,8659,8654,1,2,4,6,8,4,6,3,5,7,5,1,2,4,6,8,3,5,7,3,5,7,1,3,3,3,3,6,6,8,8,8,11,1,3,3,3,3,7,7,7,10,10,10,24147,169162.0,32441,26527,43248,113968,24148,682552.0,25075,175947,51545,169756,158545.0,35110,49543,155782,37169,148302,210276,192899,47382,25496,4,30
300,10252,10261,1,3,5,7,1,3,5,7,9,4,6,1,2,4,6,8,4,6,3,5,7,5,1,3,3,3,7,7,7,7,7,10,10,1,3,3,3,3,6,6,8,8,8,11,24579,183500.0,33086,161414,32870,182223,56972,179410.0,680815,154280,23991,163604,109652.0,277761,279489,308932,38373,160243,166422,94550,108038,46700,5,7
301,8678,8659,1,2,4,6,8,2,4,6,8,4,6,1,2,4,6,8,4,6,3,5,7,5,1,3,3,3,3,7,7,7,7,10,10,1,3,3,3,3,6,6,8,8,8,11,30974,35515.0,24625,156013,68237,46349,155129,23629.0,160496,37779,232253,24147,43248.0,32441,26527,169162,113968,24148,682552,25075,175947,51545,5,7
302,9826,10194,1,2,4,6,8,2,4,6,8,4,6,1,2,4,6,8,4,6,3,5,7,5,1,3,3,3,3,7,7,7,7,10,10,1,3,3,3,3,6,6,8,8,8,11,36283,146830.0,23030,23837,183519,35345,28901,26160.0,160194,363340,169721,188971,36786.0,40695,119541,37194,23253,186831,176300,39109,110148,30830,5,7
303,8197,8668,1,2,4,6,8,2,4,6,8,4,6,1,2,4,6,8,4,6,3,5,7,5,1,3,3,3,3,7,7,7,7,10,10,1,3,3,3,3,6,6,8,8,8,11,37770,49571.0,13423,23571,43061,278343,103419,319300.0,139671,20694,286119,186054,193859.0,516273,263653,24846,101192,160713,30895,215384,306913,181276,5,7
304,8650,9817,1,2,4,6,8,4,6,3,5,7,5,1,2,4,6,8,2,4,6,8,4,6,1,3,3,3,3,6,6,8,8,8,11,1,3,3,3,3,7,7,7,7,10,10,37868,239856.0,22764,95327,314605,47558,289817,608125.0,184536,280653,148315,30455,41927.0,40548,114769,24915,25816,37631,22991,37411,101419,72436,5,8
305,8456,9825,1,2,4,6,8,2,4,6,8,4,6,1,2,4,6,8,4,6,3,5,7,5,1,3,3,3,3,7,7,7,7,10,10,1,3,3,3,3,6,6,8,8,8,11,31432,26111.0,156551,174321,31291,33991,101103,40196.0,169200,643709,37412,30859,427438.0,177503,46539,38521,339992,75489,50047,604785,113836,46469,5,8
306,9850,10260,1,2,4,6,8,2,4,6,8,5,5,1,2,4,6,8,5,2,4,6,8,5,1,3,3,3,3,7,7,7,7,9,11,1,3,3,3,3,6,8,8,8,8,11,40602,163815.0,24903,26209,25667,201664,24393,46354.0,231801,35493,31953,182917,35327.0,165823,161035,46820,34944,299215,41468,164676,303824,30829,5,7
307,8472,8455,1,2,4,6,8,5,2,4,6,8,5,1,2,4,6,8,4,6,3,5,7,5,1,3,3,3,3,6,8,8,8,8,11,1,3,3,3,3,6,6,8,8,8,11,37233,432040.0,93457,26108,180330,158879,184822,25150.0,109330,166019,30348,170323,31306.0,23783,30627,72541,32345,115067,94086,30613,107417,19243,5,7
308,8586,8466,1,2,4,6,8,4,6,3,5,7,5,1,2,4,6,8,4,6,3,5,7,5,1,3,3,3,3,6,6,8,8,8,11,1,3,3,3,3,6,6,8,8,8,11,26295,159833.0,160599,37762,46353,361315,160448,212867.0,157723,174850,194165,95336,149855.0,26552,209405,46010,166676,209384,303339,23792,94267,23293,5,8
309,8654,10003,1,2,4,6,8,4,6,3,5,7,5,1,2,4,6,8,3,5,7,3,5,7,1,3,3,3,3,6,6,8,8,8,11,1,3,3,3,3,7,7,7,10,10,10,37780,158545.0,35110,49543,155782,148302,37169,106228.0,210276,25496,47382,30973,111800.0,193223,155050,259810,46008,109638,144996,313668,95955,38831,5,7
310,9825,10252,1,2,4,6,8,4,6,3,5,7,5,1,2,4,6,8,3,5,7,3,5,7,1,3,3,3,3,6,6,8,8,8,11,1,3,3,3,3,7,7,7,10,10,10,30859,427438.0,46539,177503,38521,159594,143793,50047.0,36378,37436,46469,24579,706985.0,33086,680815,93484,56972,182223,179410,183500,154280,23991,5,15
311,8455,8197,1,2,4,6,8,4,6,3,5,7,5,1,2,4,6,8,4,6,3,5,7,5,1,3,3,3,3,6,6,8,8,8,11,1,3,3,3,3,6,6,8,8,8,11,170323,72541.0,31306,23783,324910,30613,115067,150250.0,94086,107417,303059,37770,49571.0,13423,23571,43061,173317,319300,492586,103419,278343,286119,5,15
312,8668,9850,1,2,4,6,8,4,6,3,7,5,5,1,2,4,6,8,2,4,6,8,5,5,1,3,3,3,3,6,6,8,8,8,11,1,3,3,3,3,7,7,7,7,9,11,31465,516273.0,263653,23268,24846,101192,23782,,26151,742405,181276,40602,163815.0,72417,24903,25667,201664,24393,32734,23538,32705,31953,5,15
313,10260,8678,1,2,4,6,8,5,2,4,6,8,5,1,2,4,6,8,2,4,6,8,4,6,1,3,3,3,3,6,8,8,8,8,11,1,3,3,3,3,7,7,7,7,10,10,182917,35327.0,165823,161012,693138,34944,41468,299215.0,30829,413557,696365,38617,35515.0,24625,156013,68237,155913,23629,46810,24381,184321,185236,5,17
314,10261,8586,1,2,4,6,8,4,6,3,5,7,5,1,2,4,6,8,4,6,3,5,7,5,1,3,3,3,3,6,6,8,8,8,11,1,3,3,3,3,6,6,8,8,8,11,163604,104482.0,24228,277761,308932,38373,160243,108038.0,94550,166422,351860,26295,159833.0,160599,37762,276121,361315,160448,174850,212867,157723,194165,5,15
315,8466,9826,1,2,4,6,8,4,6,3,5,7,5,1,2,4,6,8,4,6,3,5,7,5,1,3,3,3,3,6,6,8,8,8,11,1,3,3,3,3,6,6,8,8,8,11,95336,149855.0,209405,26552,46010,212470,166676,303339.0,23792,94267,23293,22998,146830.0,23358,23030,183519,8985,28901,35345,149917,363340,30960,5,15
316,10194,8654,1,2,4,6,8,4,6,3,5,7,5,1,2,4,6,8,2,4,6,8,4,6,1,3,3,3,3,6,6,8,8,8,11,1,3,3,3,3,7,7,7,7,10,10,24224,119541.0,40695,200962,37194,23253,186831,33881.0,96643,110148,172321,37780,109897.0,35110,49543,155782,158545,148302,37169,210276,192899,47382,5,15
317,10003,8456,1,2,4,6,8,3,5,7,3,5,7,1,2,4,6,8,2,4,6,8,4,6,1,3,3,3,3,7,7,7,10,10,10,1,3,3,3,3,7,7,7,7,10,10,73462,89185.0,155050,193223,259810,46008,23882,109638.0,38831,95955,52563,31432,26111.0,174321,156551,31291,33991,101103,40196,169200,643709,37412,5,15
318,9817,8472,1,2,4,6,8,2,4,6,8,4,6,1,2,4,6,8,6,3,5,7,4,5,1,3,3,3,3,7,7,7,7,10,10,1,3,3,3,3,6,8,8,8,6,11,30455,40548.0,41927,114769,417068,25816,131409,22991.0,37411,101419,72436,303919,432040.0,93457,24150,598091,109058,750435,42598,520230,35443,101969,5,15
319,8659,8650,1,2,4,6,8,4,6,3,5,7,5,1,2,4,6,8,3,5,7,5,7,3,1,3,3,3,3,6,6,8,8,8,11,1,3,3,3,3,7,7,7,10,10,10,24147,169162.0,32441,26527,43248,113968,24148,682552.0,25075,175947,51545,157303,239856.0,22764,95327,515338,289817,562593,47558,148315,608125,280653,5,15
320,10252,8472,1,2,4,6,8,3,5,7,3,5,7,1,2,4,6,8,2,4,6,8,4,6,1,3,3,3,3,7,7,7,10,10,10,1,3,3,3,3,7,7,7,7,10,10,69650,32870.0,24208,161414,473853,182223,56972,179410.0,183500,107415,23991,103428,22964.0,24150,26108,180330,42598,109058,25150,109330,38759,30348,8,29
321,8678,8197,1,2,4,6,8,2,4,6,8,5,5,1,2,4,6,8,4,6,3,5,7,5,1,3,3,3,3,7,7,7,7,9,11,1,3,3,3,3,6,6,8,8,8,11,30974,35515.0,24625,156013,68237,46349,192780,23629.0,155913,22045,184321,37770,67850.0,38899,23571,214570,173317,103419,278343,319300,139671,286119,8,29
322,8455,9826,1,2,4,6,8,4,6,3,5,7,5,1,2,4,6,8,4,6,3,5,7,5,1,3,3,3,3,6,6,8,8,8,11,1,3,3,3,3,6,6,8,8,8,11,170323,31306.0,281207,23783,72541,30613,115067,150250.0,94086,107417,19243,119079,146830.0,23837,23030,183519,28901,26160,35345,46417,198510,169721,8,29
323,8650,8654,1,2,4,6,8,3,5,7,3,5,7,1,2,4,6,8,3,5,7,3,5,7,1,3,3,3,3,7,7,7,10,10,10,1,3,3,3,3,7,7,7,10,10,10,37868,157838.0,22764,114268,568571,307021,95327,38807.0,242709,148315,184536,37780,109897.0,35110,49543,155782,148302,163919,37169,210276,192899,25496,8,29
324,8456,9817,1,2,4,6,8,4,6,3,5,7,5,1,2,4,6,8,4,6,3,5,7,5,1,3,3,3,3,6,6,8,8,8,11,1,3,3,3,3,6,6,8,8,8,11,31432,26111.0,39027,156551,16351,36615,40196,33991.0,37459,246575,37412,30455,213809.0,41927,40548,35712,41365,30966,25816,101419,37411,72436,8,29
325,10261,9825,1,2,4,6,8,4,6,3,5,7,5,1,2,4,8,6,4,6,3,5,7,5,1,3,3,3,3,6,6,8,8,8,11,1,3,3,3,3,6,6,8,8,8,11,24229,104482.0,277761,30929,240236,160243,109652,94550.0,108038,254308,351860,30859,427438.0,177503,38521,46539,37436,159594,196386,75489,50047,31013,8,29
326,8466,9850,1,2,4,6,8,4,6,3,5,7,5,1,2,4,6,8,4,6,3,5,7,5,1,3,3,3,3,6,6,8,8,8,11,1,3,3,3,3,6,6,8,8,8,11,30841,160627.0,26552,72665,538112,23792,212470,94267.0,303339,279490,41280,40602,32616.0,24903,26209,231801,40100,32734,201664,35493,46354,31953,8,30
327,10194,8659,1,2,4,6,8,4,6,3,5,7,5,1,2,4,6,8,5,2,4,6,8,5,1,3,3,3,3,6,6,8,8,8,11,1,3,3,3,3,6,8,8,8,8,11,288880,34036.0,119541,173382,37194,39109,23253,176300.0,199291,26434,72735,23021,169162.0,32441,26527,33086,113968,25075,24148,24171,175947,51545,8,29
328,10003,10260,1,2,4,6,8,4,6,3,5,7,5,1,2,4,6,8,4,6,3,5,7,5,1,3,3,3,3,6,6,8,8,8,11,1,3,3,3,3,6,6,8,8,8,11,30973,111800.0,155050,24948,102356,46008,127130,95955.0,157729,38831,26344,109060,46820.0,165823,161012,362694,30872,46893,41468,164676,303824,30829,8,30
329,8586,8668,1,2,4,6,8,4,6,3,5,7,5,1,2,4,6,8,4,6,3,5,7,5,1,3,3,3,3,6,6,8,8,8,11,1,3,3,3,3,6,6,8,8,8,11,26295,159833.0,160599,37762,46353,361315,500520,41008.0,160448,110189,194165,31465,77690.0,263653,23268,193859,101192,23782,30922,215384,160713,181276,8,29
330,9825,10194,1,2,4,6,8,4,6,3,5,7,5,1,2,4,6,8,2,4,6,8,4,6,1,3,3,3,3,6,6,8,8,8,11,1,3,3,3,3,7,7,7,7,10,10,30859,427438.0,177503,46539,38521,159594,37436,75489.0,36378,50047,31013,288880,36786.0,119541,173382,37194,176300,199291,23253,110148,72735,172321,9,12
331,9826,8456,1,2,4,6,8,4,6,3,5,7,5,1,2,4,6,8,2,4,6,8,4,6,1,3,3,3,3,6,6,8,8,8,11,1,3,3,3,3,7,7,7,7,10,10,119079,154271.0,23837,26777,183519,28901,26160,198510.0,35345,46417,160194,31432,26111.0,39027,156551,16351,33991,36615,40196,26181,143365,37412,9,12
332,8668,8455,1,2,4,6,8,3,5,7,3,5,7,1,2,4,6,8,4,6,3,5,7,5,1,3,3,3,3,7,7,7,10,10,10,1,3,3,3,3,6,6,8,8,8,11,31465,77690.0,263653,23268,316688,101192,23782,212866.0,30922,181276,215384,46518,31306.0,281207,30627,72541,115067,32345,150250,30613,107417,19243,9,12
333,8197,10252,1,2,4,6,8,2,4,6,8,4,6,1,2,4,6,8,4,6,3,5,7,5,1,3,3,3,3,7,7,7,7,10,10,1,3,3,3,3,6,6,8,8,8,11,37770,67850.0,38899,23571,214570,278343,173317,25818.0,139671,20694,286119,69650,183500.0,24208,33086,473853,56972,182223,358289,23991,312765,23264,9,13
334,10260,8650,1,2,4,6,8,4,6,3,5,7,5,1,2,4,6,8,3,5,7,3,5,7,1,3,3,3,3,6,6,8,8,8,11,1,3,3,3,3,7,7,7,10,10,10,182917,46820.0,165823,161012,362694,34944,30872,41468.0,164676,303824,39618,37868,157838.0,22764,114268,568571,38807,95327,307021,242709,148315,214426,9,12
335,9850,8678,1,2,4,6,8,2,4,6,8,5,5,1,2,4,6,8,2,4,6,8,5,5,1,3,3,3,3,7,7,7,7,9,11,1,3,3,3,3,7,7,7,7,9,11,40602,265918.0,24903,26209,231801,201664,46354,40100.0,23538,35493,31953,30974,35515.0,24625,156013,160447,155913,23629,192780,160496,185236,184321,9,12
336,8472,8586,1,2,4,6,8,4,6,3,5,7,5,1,2,4,6,8,4,6,3,5,7,5,1,3,3,3,3,6,6,8,8,8,11,1,3,3,3,3,6,6,8,8,8,11,103428,22964.0,24150,26108,180330,109330,118929,42598.0,39139,184822,30348,26295,159833.0,160599,37762,276121,361315,160448,363333,212867,110189,194165,9,13
337,9817,10003,1,2,4,6,8,4,6,3,5,7,5,1,2,4,6,8,4,6,3,5,7,5,1,3,3,3,3,6,6,8,8,8,11,1,3,3,3,3,6,6,8,8,8,11,30455,213809.0,40548,41927,24915,30966,41365,25816.0,101419,37411,72436,30973,111800.0,155050,24948,102356,127130,46008,95955,157729,38831,26344,9,12
338,8659,8466,1,2,4,6,8,2,4,6,8,4,6,1,2,4,6,8,4,6,3,5,7,5,1,3,3,3,3,7,7,7,7,10,10,1,3,3,3,3,6,6,8,8,8,11,23021,169162.0,32441,43248,23257,172841,24148,113968.0,25075,51545,39225,30841,160627.0,26552,209405,538112,166676,279490,94267,23792,109491,41280,9,12
339,8654,10261,1,2,4,6,8,4,6,3,5,7,5,1,2,4,6,8,4,6,3,5,7,5,1,3,3,3,3,6,6,8,8,8,11,1,3,3,3,3,6,6,8,8,8,11,37780,109897.0,35110,49543,155782,37169,148302,210276.0,25496,106228,192899,24229,104482.0,277761,30929,240236,109652,160243,94550,108038,254308,46700,9,14
340,10252,8659,1,2,4,6,8,4,6,3,5,7,5,1,2,4,6,8,2,4,6,8,4,6,1,3,3,3,3,6,6,8,8,8,11,1,3,3,3,3,7,7,7,7,10,10,69650,32870.0,24208,33086,473853,182223,56972,312765.0,23991,358289,23264,23021,169162.0,32441,43248,23257,24171,113968,24148,175947,51545,239807,9,19
341,8678,8472,1,2,4,6,8,2,4,6,8,5,5,1,2,4,6,8,4,6,3,5,7,5,1,3,3,3,3,7,7,7,7,9,11,1,3,3,3,3,6,6,8,8,8,11,30974,35515.0,156013,24216,68237,155913,46810,23629.0,24381,22045,184321,103428,22964.0,165526,26108,180330,118929,109330,42598,39139,184822,30348,9,19
342,8455,9825,1,2,4,6,8,4,6,3,5,7,5,1,2,4,6,8,4,6,3,5,7,5,1,3,3,3,3,6,6,8,8,8,11,1,3,3,3,3,6,6,8,8,8,11,46518,31306.0,23783,281207,72541,115067,30613,150250.0,128864,107417,19243,30859,427438.0,177503,46539,38521,159594,37436,75489,36378,50047,31013,9,19
343,8650,9850,1,3,5,7,1,5,7,9,3,4,6,1,2,4,6,8,5,2,4,6,8,5,1,3,3,3,7,7,7,7,7,10,10,1,3,3,3,3,6,8,8,8,8,11,37868,307021.0,22764,94043,157838,184536,95327,314605.0,38807,148315,51553,40602,32616.0,24903,26209,231801,40100,201664,32734,46354,23538,31953,9,20
344,8456,8654,1,2,4,6,8,4,6,3,5,7,5,1,2,4,6,8,4,6,3,5,7,5,1,3,3,3,3,6,6,8,8,8,11,1,3,3,3,3,6,6,8,8,8,11,31432,26111.0,174321,156551,16351,36615,40196,33991.0,169200,246575,37412,169756,214685.0,35110,109897,155782,37169,163919,106228,210276,25496,192899,9,19
345,10261,9817,1,2,4,6,8,5,2,4,6,8,5,1,2,4,6,8,2,4,6,8,4,6,1,3,3,3,3,6,8,8,8,8,11,1,3,3,3,3,7,7,7,7,10,10,24229,104482.0,277761,30929,240236,160243,254308,94550.0,108038,479020,46700,30455,213809.0,41927,40548,24915,25816,41365,22991,37411,101419,72436,9,19
346,8466,10260,1,2,4,6,8,4,6,3,5,7,5,1,2,4,6,8,4,6,3,5,7,5,1,3,3,3,3,6,6,8,8,8,11,1,3,3,3,3,6,6,8,8,8,11,30841,72665.0,26552,209405,538112,166676,212470,303339.0,279490,94267,41280,182917,46820.0,165823,161012,161035,34944,46893,41468,30829,303824,413557,9,20
347,10194,8197,1,2,4,6,8,4,6,3,5,7,5,1,2,4,6,8,3,5,7,5,4,6,1,3,3,3,3,6,6,8,8,8,11,1,3,3,3,3,6,6,6,8,10,10,288880,34036.0,119541,47418,37194,23253,199291,176300.0,96643,110148,33881,37770,67850.0,38899,23571,214570,173317,25818,319300,278343,286119,20694,9,19
348,10003,8668,1,2,4,6,8,4,6,3,5,7,5,1,2,4,6,8,4,6,3,5,7,5,1,3,3,3,3,6,6,8,8,8,11,1,3,3,3,3,6,6,8,8,8,11,30973,111800.0,155050,24948,102356,46008,127130,95955.0,157729,52563,26344,31465,419196.0,263653,23268,316688,101192,23782,30922,215384,32705,181276,9,19
349,8586,9826,1,2,4,6,8,4,6,3,5,7,5,1,2,4,6,8,4,6,3,5,7,5,1,3,3,3,3,6,6,8,8,8,11,1,3,3,3,3,6,6,8,8,8,11,26295,159833.0,160599,37762,276121,361315,363333,212867.0,174850,110189,194165,119079,154271.0,26777,23030,183519,28901,26160,198510,35345,46417,160194,9,20
350,8197,9825,1,2,4,6,8,2,4,6,8,4,6,1,2,4,6,8,4,6,3,5,7,5,1,3,3,3,3,7,7,7,7,10,10,1,3,3,3,3,6,6,8,8,8,11,37770,67850.0,23571,38899,214570,278343,173317,319300.0,139671,20694,286119,30859,427438.0,35606,46539,38521,23688,37436,75489,36378,50047,31013,9,26
351,8650,10252,1,3,5,7,2,4,6,8,5,4,6,1,2,4,6,8,3,5,7,3,5,7,1,3,3,3,7,7,7,7,9,11,11,1,3,3,3,3,7,7,7,10,10,10,37868,307021.0,22764,94043,157838,38807,95327,314605.0,184536,214426,51553,69650,32870.0,24208,33086,473853,182223,56972,179410,312765,107415,23991,9,26
352,10260,8472,1,2,4,6,8,4,6,3,5,7,5,1,2,4,6,8,3,5,7,3,5,7,1,3,3,3,3,6,6,8,8,8,11,1,3,3,3,3,7,7,7,10,10,10,182917,35327.0,165823,161012,46820,34944,46893,41468.0,30829,303824,413557,103428,22964.0,24150,26108,180330,109330,25150,39139,42598,184822,24159,9,26
353,10261,8455,1,2,4,6,8,4,6,3,5,7,5,1,2,4,6,8,4,6,3,5,7,5,1,3,3,3,3,6,6,8,8,8,11,1,3,3,3,3,6,6,8,8,8,11,24229,104482.0,277761,30929,350472,109652,160243,94550.0,108038,479020,351860,46518,31306.0,281207,23783,72541,115067,30613,150250,128864,107417,39987,9,26
354,8466,10003,1,2,4,6,8,4,6,3,5,7,5,1,2,4,6,8,4,6,3,5,7,5,1,3,3,3,3,6,6,8,8,8,11,1,3,3,3,3,6,6,8,8,8,11,30841,160627.0,26552,209405,46010,23792,166676,303339.0,279490,94267,41280,30973,111800.0,155050,24948,102356,46008,144996,127130,157729,95955,26344,9,26
355,10194,8678,1,2,4,6,8,4,6,3,5,7,5,1,2,4,6,8,2,4,6,8,5,5,1,3,3,3,3,6,6,8,8,8,11,1,3,3,3,3,7,7,7,7,9,11,288880,34036.0,119541,200962,37194,23253,39109,176300.0,96643,110148,33881,30974,35515.0,156013,24216,68237,155913,46810,23629,24381,22045,184321,9,26
356,8586,8456,1,2,4,6,8,4,6,3,5,7,5,1,2,4,6,8,4,6,3,5,7,5,1,3,3,3,3,6,6,8,8,8,11,1,3,3,3,3,6,6,8,8,8,11,26295,159833.0,160599,37762,276121,361315,363333,174850.0,212867,157723,194165,28955,26111.0,30459,174321,16351,40196,101103,169200,36615,246575,37412,9,26
357,9817,9826,1,2,4,6,8,4,6,3,5,7,5,1,2,4,6,8,4,6,3,5,7,5,1,3,3,3,3,6,6,8,8,8,11,1,3,3,3,3,6,6,8,8,8,11,30455,213809.0,40548,41927,24915,22991,41365,25816.0,72436,37411,101419,36283,154271.0,26777,23837,183519,26160,22929,35345,46417,160194,363340,9,27
358,8659,8668,1,2,4,6,8,4,6,3,5,7,5,1,2,4,6,8,4,6,3,5,7,5,1,3,3,3,3,6,6,8,8,8,11,1,3,3,3,3,6,6,8,8,8,11,23021,169162.0,26527,43248,23257,24148,113968,175947.0,239807,24171,51545,31465,419196.0,23268,213878,316688,101192,23782,251925,215384,32705,181276,9,28
359,8654,9850,1,2,4,6,8,4,6,3,5,7,5,1,2,4,6,8,4,6,3,5,7,5,1,3,3,3,3,6,6,8,8,8,11,1,3,3,3,3,6,6,8,8,8,11,169756,214685.0,109897,35110,155782,37169,148302,210276.0,25496,106228,192899,40602,32616.0,24903,26209,25667,46354,40100,32734,35493,231801,31953,9,26
360,9825,10260,1,2,4,6,8,4,6,3,5,7,5,1,2,4,6,8,4,6,3,5,7,5,1,3,3,3,3,6,6,8,8,8,11,1,3,3,3,3,6,6,8,8,8,11,30859,427438.0,35606,177503,38521,37436,159594,75489.0,36378,50047,31013,182917,46820.0,165823,161012,23354,34944,30872,41468,30829,303824,413557,10,4
361,10252,10194,1,2,4,6,8,3,5,7,3,5,7,1,2,4,6,8,4,6,3,5,7,5,1,3,3,3,3,7,7,7,10,10,10,1,3,3,3,3,6,6,8,8,8,11,69650,32870.0,24208,33086,473853,261313,182223,179410.0,38148,107415,23991,288880,34036.0,119541,200962,37194,39109,23253,33881,96643,110148,72735,10,3
362,8678,9817,1,2,4,6,8,2,4,6,8,5,5,1,2,4,6,8,2,4,6,8,4,6,1,3,3,3,3,7,7,7,7,9,11,1,3,3,3,3,7,7,7,7,10,10,30974,35515.0,156013,24216,68237,155913,46810,23629.0,24381,185236,35523,30455,213809.0,41927,40548,417068,25816,41365,22991,24915,72436,101419,10,3
363,8455,8466,1,2,4,6,8,4,6,3,5,7,5,1,2,4,6,8,4,6,3,5,7,5,1,3,3,3,3,6,6,8,8,8,11,1,3,3,3,3,6,6,8,8,8,11,46518,31306.0,23783,30627,72541,79574,30613,94086.0,128864,107417,22543,30841,160627.0,26552,209405,46010,166676,212470,303339,23792,94267,41280,10,3
364,9826,8659,1,2,4,6,8,4,6,3,5,7,5,1,2,4,6,8,4,6,3,5,7,5,1,3,3,3,3,6,6,8,8,8,11,1,3,3,3,3,6,6,8,8,8,11,36283,154271.0,23837,26777,183519,26160,28901,198510.0,35345,160194,363340,23021,169162.0,43248,32441,23257,24148,113968,175947,24171,239807,51545,10,3
365,8668,8650,1,2,4,6,8,4,6,3,5,7,5,1,3,5,7,2,4,6,8,5,4,6,1,3,3,3,3,6,6,8,8,8,11,1,3,3,3,7,7,7,7,9,11,11,31465,419196.0,23268,213878,316688,101192,23782,251925.0,215384,32705,181276,37868,307021.0,22764,94043,157838,95327,38807,314605,184536,214426,51553,10,4
366,8456,10261,1,2,4,6,8,4,6,3,5,7,5,1,2,4,6,8,2,4,6,8,4,6,1,3,3,3,3,6,6,8,8,8,11,1,3,3,3,3,7,7,7,7,10,10,31432,30509.0,174321,156551,16351,101103,40196,169200.0,37459,246575,37412,24229,104482.0,277761,30929,350472,94550,31292,109652,108038,351860,479020,10,3
367,9850,8197,1,2,4,6,8,2,4,6,8,5,5,1,2,4,6,8,2,4,6,8,4,6,1,3,3,3,3,7,7,7,7,9,11,1,3,3,3,3,7,7,7,7,10,10,40602,32616.0,24903,26209,231801,32734,40100,46354.0,23538,35493,31953,37770,49571.0,23571,38899,43061,139671,319300,173317,214570,20694,286119,10,3
368,8472,8654,1,2,4,6,8,4,6,3,5,7,5,1,2,4,6,8,4,6,3,5,7,5,1,3,3,3,3,6,6,8,8,8,11,1,3,3,3,3,6,6,8,8,8,11,103428,432040.0,24150,165526,22964,25150,109330,42598.0,39139,184822,32627,169756,214685.0,109897,35110,155782,37169,148302,210276,25496,106228,192899,10,3
369,10003,8586,1,2,4,6,8,4,6,3,5,7,5,1,2,4,6,8,4,6,3,5,7,5,1,3,3,3,3,6,6,8,8,8,11,1,3,3,3,3,6,6,8,8,8,11,30973,89185.0,155050,24948,102356,144996,127130,95955.0,157729,52563,26344,26295,159833.0,160599,37762,276121,363333,361315,174850,157723,110189,194165,10,4
370,8455,10252,1,2,4,6,8,4,6,3,5,7,5,1,2,4,6,8,3,5,7,5,4,6,1,3,3,3,3,6,6,8,8,8,11,1,3,3,3,3,6,6,6,8,10,10,46518,72541.0,281207,30627,324910,79574,604982,94086.0,30613,150250,19243,69650,32870.0,24208,33086,30352,358289,182223,179410,312765,107415,154280,10,17
371,9826,8654,1,2,4,6,8,4,6,3,5,7,5,1,2,4,6,8,4,6,3,5,7,5,1,3,3,3,3,6,6,8,8,8,11,1,3,3,3,3,6,6,8,8,8,11,36283,26777.0,183519,23837,154271,198510,28901,160194.0,35345,26160,363340,169756,24751.0,109897,155782,214685,210276,37169,25496,106228,148302,192899,10,17
372,8668,10260,1,2,4,6,8,4,6,3,5,7,5,1,2,4,6,8,4,6,3,5,7,5,1,3,3,3,3,6,6,8,8,8,11,1,3,3,3,3,6,6,8,8,8,11,31465,77690.0,263653,23268,316688,101192,23782,30895.0,215384,32705,181276,182917,46820.0,186137,165823,161035,46893,30872,41468,164676,413557,30829,10,17
373,8456,8678,1,2,4,6,8,4,6,3,5,7,5,1,2,4,6,8,2,4,6,8,5,5,1,3,3,3,3,6,6,8,8,8,11,1,3,3,3,3,7,7,7,7,9,11,31432,30509.0,174321,156551,26111,36615,40196,33991.0,169200,246575,143365,38617,35515.0,156013,24216,68237,160447,46810,23629,155913,192780,35523,10,17
374,10261,9850,1,2,4,6,8,4,6,3,5,7,5,1,2,4,6,8,6,3,4,5,7,5,1,3,3,3,3,6,6,8,8,8,11,1,3,3,3,3,6,8,6,8,8,11,23979,104482.0,277761,30929,308932,160243,38373,94550.0,108038,479020,351860,40602,32616.0,24903,26209,25667,40100,201664,32734,46354,231801,38369,10,18
375,8466,8197,1,2,4,6,8,4,6,3,5,7,5,1,2,4,6,8,2,4,6,8,4,6,1,3,3,3,3,6,6,8,8,8,11,1,3,3,3,3,7,7,7,7,10,10,35496,160627.0,26552,209405,46010,166676,23792,303339.0,279490,94267,41280,37770,49571.0,23571,38899,43061,139671,173317,319300,214570,20694,286119,10,17
376,10003,10194,1,2,4,6,8,4,6,3,5,7,5,1,2,4,6,8,4,6,3,5,7,5,1,3,3,3,3,6,6,8,8,8,11,1,3,3,3,3,6,6,8,8,8,11,30973,89185.0,155050,24948,102356,46008,127130,313668.0,95955,52563,26344,288880,34036.0,119541,200962,37194,23253,39109,176300,96643,110148,172321,10,19
377,8586,8650,1,2,4,6,8,4,6,3,5,7,5,1,2,4,6,8,4,6,3,5,7,5,1,3,3,3,3,6,6,8,8,8,11,1,3,3,3,3,6,6,8,8,8,11,26295,159833.0,160599,37762,46353,363333,41008,174850.0,157723,110189,194165,37868,157838.0,22764,94043,314605,95327,307021,38807,184536,37234,426202,10,17
378,9817,9825,1,2,4,6,8,4,6,3,5,7,5,1,2,4,6,8,4,6,3,5,7,5,1,3,3,3,3,6,6,8,8,8,11,1,3,3,3,3,6,6,8,8,8,11,30455,213809.0,41927,40548,417068,41365,22991,25816.0,72436,24915,101419,30859,427438.0,35606,46539,38521,159594,37436,75489,36378,50047,31013,10,17
379,8659,8472,1,2,4,6,8,2,4,6,8,4,6,1,2,4,6,8,3,5,7,3,5,7,1,3,3,3,3,7,7,7,7,10,10,1,3,3,3,3,7,7,7,10,10,10,23021,169162.0,32441,43248,23257,175947,24148,113968.0,33468,239807,51545,103428,432040.0,24150,26108,22964,109330,25150,118929,35443,32627,184822,10,17
